TIMESTEP,VTYPE,VID,SAMPLE,RUN,CS,TIME1,DO1,TEMP1,TIME2,DO2,TEMP2,TIME3,DO3,TEMP3,TIME4,DO4,TEMP4,TIME5,DO5,TEMP5,TIME6,DO6,TEMP6,TIME7,DO7,TEMP7,BW (g),WW (g),Diam,Height,GF,SOMF,GF_G,SOMF_SOM,GF_AFG,SOMF_AFSOM,Color,GrazingCorr_gWWperday,TRT,STYPE
1,S,3,CONT1_1,1,C,9:53,4.73,11.7,9:58,4.72,11.7,10:03,4.71,11.7,10:08,4.67,11.7,10:13,4.68,11.7,10:17,4.69,11.7,10:22,4.68,11.7,,,,,,,,,,,,,7,C
1,S,3,CONT1_10,10,C,10:50,4.87,11.6,10:55,4.86,11.6,11:00,4.83,11.6,11:05,4.83,11.6,11:11,4.84,11.6,11:16,4.84,11.6,11:21,4.83,11.6,,,,,,,,,,,,,7,C
1,S,1,CONT1_11,11,C,11:50,6.77,13,11:56,6.71,13,12:02,6.69,13,12:07,6.66,13,12:13,6.68,13,12:18,6.66,13,12:24,6.66,13,,,,,,,,,,,,,7,C
1,S,1,CONT1_12,12,C,13:47,6.99,13.1,13:52,6.9,13.1,13:58,6.84,13.1,14:03,6.81,13.1,14:09,6.79,13.1,14:14,6.77,13.1,14:19,6.77,13.1,,,,,,,,,,,,,7,C
1,S,3,CONT1_2,2,C,10:44,4.74,11.6,10:49,4.74,11.6,10:53,4.74,11.6,10:58,4.74,11.6,11:03,4.74,11.6,11:07,4.74,11.6,11:12,4.75,11.6,,,,,,,,,,,,,7,C
1,S,1,CONT1_3,3,C,11:38,6.57,13.5,11:43,6.56,13.5,11:48,6.58,13.5,11:52,6.6,13.5,11:57,6.59,13.5,12:03,6.61,13.5,12:08,6.6,13.5,,,,,,,,,,,,,7,C
1,S,2,CONT1_4,4,C,12:30,6.71,13.6,12:35,6.72,13.5,12:40,6.71,13.5,12:45,6.7,13.6,12:50,6.72,13.5,12:54,6.69,13.6,12:58,6.69,13.5,,,,,,,,,,,,,7,C
1,S,2,CONT1_5,5,C,10:18,4.44,11.3,10:23,4.4,11.3,10:28,4.37,11.3,10:34,4.37,11.4,10:40,4.33,11.3,10:46,4.33,11.3,10:52,4.34,11.3,,,,,,,,,,,,,7,C
1,S,1,CONT1_6,6,C,11:10,4.21,11.3,11:15,4.21,11.3,11:21,4.21,11.3,11:27,4.22,11.3,11:34,4.23,11.3,11:40,4.24,11.3,11:46,4.25,11.3,,,,,,,,,,,,,7,C
1,S,1,CONT1_7,7,C,13:48,5.77,12.6,13:54,5.74,12.6,13:59,5.73,12.5,14:03,5.72,12.5,14:10,5.71,12.5,14:15,5.7,12.5,14:21,5.71,12.5,,,,,,,,,,,,,7,C
1,S,2,CONT1_8,8,C,14:39,5.49,12.5,14:46,5.46,12.5,14:52,5.45,12.5,14:57,5.42,12.5,15:02,5.43,12.5,15:07,5.41,12.5,15:14,5.41,12.5,,,,,,,,,,,,,7,C
1,S,1,CONT1_9,9,C,9:54,5.05,11.9,10:00,5.04,11.8,10:06,5.04,11.7,10:12,5.01,11.7,10:18,5,11.7,10:23,5.01,11.6,10:30,5.01,11.6,,,,,,,,,,,,,7,C
1,S,7,CONT2_1,1,C,9:54,4.83,11.7,9:59,4.81,11.7,10:05,4.79,11.7,10:09,4.77,11.7,10:14,4.77,11.7,10:18,4.77,11.7,10:23,4.77,11.7,,,,,,,,,,,,,7,C
1,S,7,CONT2_10,10,C,10:51,5.09,11.6,10:56,5.11,11.6,11:01,5.07,11.6,11:06,5.06,11.6,11:12,5.13,11.6,11:17,5.08,11.6,11:22,5.08,11.6,,,,,,,,,,,,,7,C
1,S,10,CONT2_11,11,C,11:53,6.99,13,11:59,6.89,13,12:04,6.85,13,12:10,6.85,13,12:15,6.83,13,12:21,6.81,13,12:26,6.81,13,,,,,,,,,,,,,7,C
1,S,13,CONT2_12,12,C,13:50,6.93,13.1,13:56,6.84,13.1,14:01,6.76,13.1,14:07,6.73,13.1,14:12,6.7,13.1,14:17,6.69,13.1,14:23,6.67,13.1,,,,,,,,,,,,,7,C
1,S,9,CONT2_2,2,C,10:45,5.04,11.6,10:50,5.02,11.6,10:55,5.02,11.6,11:00,5,11.6,11:04,5.01,11.6,11:09,5.01,11.6,11:13,5,11.6,,,,,,,,,,,,,7,C
1,S,11,CONT2_3,3,C,11:41,6.68,13.5,11:45,6.71,13.5,11:50,6.71,13.5,11:55,6.73,13.5,12:00,6.72,13.5,12:05,6.73,13.5,12:10,6.72,13.5,,,,,,,,,,,,,7,C
1,S,6,CONT2_4,4,C,12:31,6.79,13.5,12:37,6.78,13.6,12:41,6.78,13.5,12:46,6.72,13.6,12:50,6.75,13.5,12:55,6.76,13.6,12:59,6.74,13.5,,,,,,,,,,,,,7,C
1,S,10,CONT2_5,5,C,10:20,4.48,11.3,10:25,4.44,11.3,10:30,4.42,11.3,10:36,4.4,11.4,10:43,4.41,11.3,10:49,4.42,11.3,10:54,4.41,11.3,,,,,,,,,,,,,7,C
1,S,12,CONT2_6,6,C,11:13,4.23,11.3,11:18,4.19,11.3,11:24,4.17,11.3,11:31,4.17,11.3,11:38,4.17,11.3,11:43,4.17,11.3,11:49,4.17,11.3,,,,,,,,,,,,,7,C
1,S,9,CONT2_7,7,C,13:50,5.81,12.6,13:56,5.78,12.5,14:01,5.78,12.5,14:07,5.78,12.5,14:12,5.77,12.5,14:18,5.75,12.5,14:23,5.75,12.5,,,,,,,,,,,,,7,C
1,S,15,CONT2_8,8,C,14:44,5.77,12.5,14:50,5.72,12.5,14:55,5.7,12.5,15:00,5.69,12.5,15:06,5.69,12.5,15:12,5.68,12.5,15:17,5.67,12.5,,,,,,,,,,,,,7,C
1,S,8,CONT2_9,9,C,9:56,5.03,11.9,10:02,5.02,11.6,10:08,4.99,11.7,10:14,4.95,11.7,10:20,4.94,11.7,10:26,4.94,11.6,10:32,4.93,11.6,,,,,,,,,,,,,7,C
1,S,11,CONT3_1,1,C,9:56,5.07,11.7,10:00,4.99,11.7,10:05,4.96,11.7,10:10,4.93,11.7,10:15,4.93,11.7,10:19,4.9,11.7,10:24,4.9,11.6,,,,,,,,,,,,,7,C
1,S,16,CONT3_10,10,C,10:53,5.15,11.6,10:59,5.1,11.6,11:04,5.1,11.6,11:09,5.11,11.6,11:15,5.11,11.6,11:19,5.12,11.6,11:25,5.13,11.6,,,,,,,,,,,,,7,C
1,S,18,CONT3_11,11,C,11:55,7.38,13,12:02,7.24,13,12:07,7.22,13,12:13,7.22,13,12:18,7.17,13,12:23,7.19,13,12:29,7.2,13,,,,,,,,,,,,,7,C
1,S,16,CONT3_12,12,C,13:51,7.14,13.1,13:56,7.01,13.1,14:02,6.94,13.1,14:08,6.88,13.1,14:13,6.86,13.1,14:18,6.86,13.1,14:24,6.84,13.1,,,,,,,,,,,,,7,C
1,S,17,CONT3_2,2,C,10:47,4.84,11.6,10:52,4.82,11.6,10:57,4.8,11.6,11:01,4.78,11.6,11:06,4.79,11.6,11:11,4.77,11.6,11:15,4.77,11.6,,,,,,,,,,,,,7,C
1,S,18,CONT3_3,3,C,11:43,6.84,13.5,11:47,6.83,13.5,11:52,6.83,13.5,11:57,6.83,13.5,12:02,6.84,13.5,12:07,6.84,13.5,12:12,6.85,13.5,,,,,,,,,,,,,7,C
1,S,16,CONT3_4,4,C,12:34,6.87,13.6,12:39,6.85,13.6,12:44,6.86,13.5,12:49,6.86,13.5,12:53,6.85,13.6,12:57,6.85,13.6,13:02,6.83,13.6,,,,,,,,,,,,,7,C
1,S,18,CONT3_5,5,C,10:22,4.81,11.3,10:28,4.8,11.3,10:32,4.79,11.4,10:38,4.81,11.4,10:46,4.85,11.3,10:51,4.86,11.3,10:56,4.88,11.3,,,,,,,,,,,,,7,C
1,S,17,CONT3_6,6,C,11:14,4.37,11.3,11:20,4.31,11.3,11:26,4.28,11.3,11:33,4.27,11.3,11:40,4.26,11.3,11:45,4.25,11.3,11:50,4.26,11.3,,,,,,,,,,,,,7,C
1,S,18,CONT3_7,7,C,13:53,6.13,12.6,13:59,6.06,12.6,14:04,6.05,12.5,14:10,6.03,12.5,14:15,6.01,12.5,14:20,6,12.5,14:25,6,12.5,,,,,,,,,,,,,7,C
1,S,16,CONT3_8,8,C,14:44,5.92,12.5,14:50,5.83,12.5,14:55,5.8,12.5,15:00,5.78,12.5,15:06,5.78,12.5,15:12,5.75,12.5,15:18,5.76,12.5,,,,,,,,,,,,,7,C
1,S,15,CONT3_9,9,C,9:58,4.98,11.9,10:04,4.99,11.7,10:11,4.94,11.7,10:16,4.91,11.7,10:22,4.92,11.6,10:28,4.93,11.6,10:34,4.92,11.6,,,,,,,,,,,,,7,C
1,S,2,TP1A01,3,S,11:38,6.53,13.5,11:43,6.52,13.5,11:48,6.47,13.5,11:52,6.45,13.5,11:58,6.41,13.5,12:03,6.39,13.5,12:08,6.36,13.5,0.3844,0.9662,16,9,,,,,,,,0.02039624,1,S
1,S,3,TP1A02,3,S,11:39,6.52,13.5,11:43,6.51,13.5,11:48,6.49,13.5,11:53,6.49,13.5,11:58,6.39,13.5,12:03,6.36,13.5,12:08,6.32,13.5,0.7551,1.8474,19,12,,,,,,,,0,1,S
1,S,4,TP1A03,3,S,11:39,6.57,13.5,11:44,6.55,13.5,11:48,6.51,13.5,11:53,6.47,13.5,11:58,6.46,13.5,12:03,6.44,13.5,12:08,6.43,13.5,0.6346,1.6656,18,12,,,,,,,,0.136804049,1,S
1,S,5,TP1A04,3,S,11:39,6.59,13.5,11:44,6.54,13.5,11:49,6.47,13.5,11:53,6.42,13.5,11:58,6.34,13.5,12:04,6.31,13.5,12:09,6.26,13.5,0.8448,2.0838,18,12,,,,,,,,0.000509038,1,S
1,S,6,TP1A05,3,S,11:39,6.7,13.5,11:44,6.61,13.5,11:49,6.56,13.5,11:54,6.52,13.5,11:58,6.45,13.5,12:04,6.4,13.5,12:09,6.34,13.5,0.6943,1.7545,19,11.5,,,,,,,,0.055381056,1,S
1,S,7,TP1A06,3,S,11:40,6.73,13.5,11:44,6.67,13.5,11:49,6.66,13.5,11:54,6.61,13.5,11:59,6.58,13.5,12:04,6.56,13.5,12:09,6.52,13.5,0.5674,1.4534,16,11,,,,,,,,0.003632683,1,S
1,S,8,TP1A07,3,S,11:40,6.71,13.5,11:45,6.62,13.5,11:49,6.58,13.5,11:54,6.52,13.5,11:59,6.48,13.5,12:04,6.4,13.5,12:09,6.34,13.5,0.7671,1.845,18,12,,,,,,,,0.019355025,1,S
1,S,9,TP1A08,3,S,11:40,6.84,13.5,11:45,6.74,13.5,11:50,6.68,13.5,11:54,6.63,13.5,12:00,6.55,13.5,12:05,6.48,13.5,12:10,6.43,13.5,0.7448,1.8742,18,12,,,,,,,,0.045489516,1,S
1,S,10,TP1A09,3,S,11:41,6.78,13.5,11:45,6.7,13.5,11:50,6.67,13.5,11:55,6.62,13.5,12:00,6.59,13.5,12:05,6.54,13.5,12:10,6.51,13.5,0.633,1.6987,18,12,,,,,,,,0,1,S
1,S,12,TP1A10,3,S,11:41,6.86,13.5,11:46,6.81,13.5,11:50,6.79,13.5,11:55,6.76,13.5,12:00,6.75,13.5,12:05,6.73,13.5,12:10,6.68,13.5,0.4401,1.1548,17,10,,,,,,,,0,1,S
1,S,13,TP1B11,3,S,11:41,6.86,13.5,11:46,6.83,13.5,11:50,6.78,13.5,11:55,6.74,13.5,12:01,6.69,13.5,12:05,6.66,13.5,12:11,6.62,13.5,0.62,1.471,16,11,,,,,,,,0.027869594,1,S
1,S,15,TP1B13,3,S,11:42,6.98,13.5,11:46,6.91,13.5,11:51,6.87,13.5,11:56,6.83,13.5,12:01,6.79,13.5,12:06,6.79,13.5,12:11,6.76,13.5,0.93,2.1981,18,13,,,,,,,,0,1,S
1,S,16,TP1B14,3,S,11:42,6.99,13.5,11:47,6.89,13.5,11:51,6.76,13.5,11:56,6.64,13.5,12:02,6.53,13.5,12:06,6.43,13.5,12:11,6.33,13.5,0.7648,1.9406,19,12,,,,,,,,0.09388157,1,S
1,S,17,TP1B15,3,S,11:42,6.99,13.5,11:47,6.94,13.5,11:51,6.86,13.5,11:57,6.81,13.5,12:02,6.74,13.5,12:06,6.69,13.5,12:11,6.63,13.5,0.7666,2.006,19,13,,,,,,,,0.092252828,1,S
1,S,1,TP1B16,4,S,12:30,6.62,13.5,12:35,6.56,13.5,12:40,6.5,13.6,12:45,6.48,13.5,12:49,6.44,13.6,12:54,6.42,13.6,12:58,6.37,13.5,0.5864,1.4435,17,10,,,,,,,,0,1,S
1,S,3,TP1B17,4,S,12:30,6.62,13.6,12:36,6.56,13.5,12:40,6.52,13.5,12:45,6.48,13.5,12:50,6.44,13.5,12:54,6.42,13.5,12:59,6.37,13.6,0.9757,2.3984,18,13,,,,,,,,0.00027678,1,S
1,S,4,TP1B18,4,S,12:31,6.53,13.5,12:36,6.44,13.6,12:41,6.37,13.6,12:45,6.32,13.5,12:50,6.29,13.5,12:54,6.24,13.5,12:59,6.17,13.5,1.0735,2.7689,20,14,,,,,,,,0.045498337,1,S
1,S,5,TP1B19,4,S,12:31,6.61,13.6,12:36,6.52,13.5,12:41,6.42,13.5,12:46,6.35,13.5,12:50,6.31,13.5,12:55,6.25,13.5,12:59,6.2,13.5,0.9363,2.2716,19,13,,,,,,,,0.205977379,1,S
1,S,7,TP1B20,4,S,12:31,6.73,13.6,12:37,6.65,13.5,12:42,6.58,13.5,12:46,6.51,13.5,12:51,6.48,13.5,12:55,6.43,13.5,13:00,6.35,13.5,0.6332,1.7869,20,11,,,,,,,,0.046073187,1,S
1,S,8,TP1C21,4,S,12:32,6.75,13.5,12:37,6.73,13.5,12:42,6.71,13.6,12:46,6.67,13.6,12:51,6.65,13.5,12:55,6.63,13.5,13:00,6.61,13.6,0.5661,1.3567,17,10.5,,,,,,,,0.000755319,1,S
1,S,9,TP1C22,4,S,12:32,6.78,13.5,12:37,6.65,13.6,12:42,6.59,13.6,12:47,6.53,13.6,12:51,6.46,13.5,12:56,6.41,13.6,13:00,6.36,13.5,0.8349,2.0212,18,12,,,,,,,,0.053319149,1,S
1,S,10,TP1C23,4,S,12:32,6.82,13.6,12:38,6.76,13.5,12:43,6.71,13.5,12:47,6.65,13.6,12:51,6.63,13.5,12:56,6.58,13.6,13:00,6.55,13.6,0.6434,1.625,18.5,11,,,,,,,,0.014446809,1,S
1,S,11,TP1C24,4,S,12:32,6.79,13.6,12:38,6.72,13.5,12:43,6.66,13.6,12:47,6.62,13.5,12:52,6.59,13.6,12:56,6.54,13.6,13:01,6.52,13.5,1.0189,2.5246,19,14,,,,,,,,0.085968085,1,S
1,S,12,TP1C25,4,S,12:33,6.83,13.5,12:38,6.75,13.5,12:43,6.7,13.6,12:47,6.65,13.6,12:52,6.64,13.5,12:56,6.59,13.6,13:01,6.56,13.5,0.5953,1.541,17.5,11,,,,,,,,0.034457447,1,S
1,S,13,TP1C26,4,S,12:33,6.9,13.5,12:39,6.77,13.6,12:43,6.72,13.5,12:48,6.64,13.6,12:52,6.6,13.6,12:57,6.54,13.5,13:01,6.48,13.5,0.802,2.0387,18.5,13,,,,,,,,0.176638298,1,S
1,S,14,TP1C27,4,S,12:33,6.79,13.5,12:39,6.69,13.6,12:44,6.62,13.5,12:48,6.54,13.5,12:52,6.48,13.5,12:57,6.43,13.6,13:02,6.37,13.5,1.0429,2.6853,19,12.5,,,,,,,,0.02593617,1,S
1,S,15,TP1C28,4,S,12:34,6.89,13.6,12:39,6.79,13.6,12:44,6.73,13.5,12:48,6.64,13.6,12:52,6.57,13.6,12:57,6.51,13.5,13:02,6.43,13.5,0.6469,1.7939,18,12,,,,,,,,0.151744681,1,S
1,S,17,TP1C29,4,S,12:34,7.03,13.6,12:39,6.97,13.6,12:44,6.9,13.6,12:49,6.83,13.6,12:53,6.77,13.5,12:58,6.72,13.5,13:03,6.66,13.6,0.5622,1.4361,17,11,,,,,,,,0.043744681,1,S
1,S,18,TP1C30,4,S,12:34,7.02,13.5,12:40,6.98,13.6,12:44,6.94,13.5,12:49,6.88,13.6,12:53,6.85,13.5,12:58,6.85,13.5,13:03,6.76,,0.6002,1.4571,18,11,,,,,,,,0,1,S
1,S,2,TP2A01,11,S,11:50,6.75,13,11:56,6.71,13,12:02,6.65,13,12:08,6.62,13,12:13,6.61,13,12:19,6.59,13,12:24,6.55,13,0.9182,2.2465,20,13,,,,,,,,0,2,S
1,S,3,TP2A02,11,S,11:51,6.74,13,11:57,6.65,13,12:03,6.57,13,12:09,6.52,13,12:13,6.47,13,12:19,6.44,13,12:24,6.38,13,0.9908,2.4752,20,14,,,,,,,,0.073194465,2,S
1,S,4,TP2A03,11,S,11:51,6.82,13,11:57,6.75,13,12:03,6.67,13,12:08,6.62,13,12:14,6.59,13,12:19,6.53,13,12:25,6.51,13,0.5877,1.5185,18,10,,,,,,,,0.068579752,2,S
1,S,5,TP2A04,11,S,11:51,6.87,13,11:57,6.76,13,12:03,6.73,13,12:08,6.66,13,12:14,6.64,13,12:19,6.61,13,12:25,6.57,13,0.5781,1.4531,17,11,,,,,,,,0.131193008,2,S
1,S,6,TP2A05,11,S,11:51,6.91,13,11:59,6.8,13,12:03,6.73,13,12:08,6.67,13,12:14,6.61,13,12:20,6.58,13,12:25,6.52,13,1.2118,2.9447,20,13,,,,,,,,0.062706482,2,S
1,S,7,TP2A06,11,S,11:52,6.87,13,11:58,6.77,13,12:04,6.7,13,12:09,6.65,13,12:14,6.62,13,12:20,6.58,13,12:25,6.56,13,0.763,1.9117,19,12,,,,,,,,0.133919883,2,S
1,S,8,TP2A07,11,S,11:52,6.84,13,11:59,6.71,13,12:04,6.63,13,12:09,6.58,13,12:15,6.56,13,12:20,6.49,13,12:26,6.46,13,0.7205,1.8436,19,12,,,,,,,,0.151959213,2,S
1,S,9,TP2A08,11,S,11:52,6.9,13,11:59,6.79,13,12:04,6.7,13,12:10,6.67,13,12:15,6.64,13,12:21,6.57,13,12:26,6.56,13,0.4308,1.1212,15,10,,,,,,,,0.08200437,2,S
1,S,11,TP2A09,11,S,11:53,6.94,13,12:00,6.83,13,12:05,6.74,13,12:10,6.66,13,12:16,6.59,13,12:21,6.51,13,12:26,6.5,13,0.6929,1.6447,16.5,12,,,,,,,,0.047708667,2,S
1,S,12,TP2A10,11,S,11:54,7.02,13,12:00,6.88,13,12:05,6.81,13,12:11,6.76,13,12:16,6.72,13,12:21,6.64,13,12:26,6.61,13,0.5434,1.3128,17,10,,,,,,,,0.047184268,2,S
1,S,13,TP2B11,11,S,11:54,6.8,13,12:00,6.7,13,12:05,6.61,13,12:11,6.55,13,12:16,6.5,13,12:22,6.45,13,12:28,6.42,13,0.5221,1.4037,17,11,,,,,,,,0.031452294,2,S
1,S,14,TP2B12,11,S,11:54,6.84,13,12:01,6.72,13,12:06,6.69,13,12:11,6.63,13,12:16,6.53,13,12:22,6.47,13,12:27,6.43,13,0.7792,1.8467,18,11.5,,,,,,,,0.179437728,2,S
1,S,15,TP2B13,11,S,11:54,6.83,13,12:01,6.63,13,12:06,6.55,13,12:11,6.45,13,12:17,6.4,13,12:22,6.32,13,12:28,6.24,13,1.5612,3.66,21,15,,,,,,,,0.090184996,2,S
1,S,16,TP2B14,11,S,11:55,6.98,13,12:01,6.7,13,12:06,6.52,13,12:12,6.4,13,12:17,6.3,13,12:22,6.13,13,12:29,6.02,13,1.0987,2.7319,20,14,,,,,,,,0.083577567,2,S
1,S,17,TP2B15,11,S,11:55,7,13,12:02,6.86,13,12:07,6.79,13,12:12,6.73,13,12:17,6.7,13,12:23,6.67,13,12:29,6.63,13,0.621,1.5673,18.5,11,,,,,,,,0.087353241,2,S
1,S,2,TP2B16,12,S,13:47,6.99,13.1,13:52,6.88,13.1,13:58,6.8,13.1,14:03,6.76,13.1,14:09,6.74,13.1,14:14,6.7,13.1,14:19,6.68,13.1,0.5312,1.335,17.5,11.5,,,,,,,,0,2,S
1,S,3,TP2B17,12,S,13:48,6.91,13.1,13:52,6.79,13.1,13:58,6.72,13.1,14:03,6.61,13.1,14:09,6.56,13.1,14:14,6.5,13.1,14:19,6.47,13.1,1.3575,3.2469,20,14,,,,,,,,0.029879097,2,S
1,S,4,TP2B18,12,S,13:48,7.07,13.1,13:53,6.97,13.1,13:58,6.9,13.1,14:04,6.84,13.1,14:09,6.81,13.1,14:15,6.75,13.1,14:20,6.75,13.1,0.4872,1.1929,16,10.5,,,,,,,,0.042045157,2,S
1,S,5,TP2B19,12,S,13:48,7.08,13.1,13:53,6.93,13.1,13:59,6.81,13.1,14:04,6.74,13.1,14:10,6.68,13.1,14:15,6.64,13.1,14:20,6.58,13.1,0.9375,2.3649,19,14,,,,,,,,0.086199563,2,S
1,S,6,TP2B20,12,S,13:48,7.1,13.1,13:53,6.97,13.1,13:59,6.88,13.1,14:04,6.78,13.1,14:10,6.75,13.1,14:15,6.7,13.1,14:21,6.66,13.1,0.8122,2.0159,18.5,12,,,,,,,,0.080536052,2,S
1,S,7,TP2C21,12,S,13:49,7.01,13.1,13:54,6.89,13.1,13:59,6.74,13.1,14:05,6.63,13.1,14:10,6.52,13.1,14:15,6.42,13.1,14:21,6.34,13.1,1.9638,4.6474,22,16,,,,,,,,0.129714286,2,S
1,S,8,TP2C22,12,S,13:49,7.02,13.1,13:54,6.88,13.1,13:59,6.79,13.1,14:05,6.74,13.1,14:11,6.7,13.1,14:16,6.65,13.1,14:21,6.59,13.1,1.1676,2.9262,19.5,13,,,,,,,,0.061492711,2,S
1,S,9,TP2C23,12,S,13:49,7.08,13.1,13:54,6.93,13.1,14:00,6.88,13.1,14:05,6.82,13.1,14:11,6.77,13.1,14:16,6.76,13.1,14:21,6.73,13.1,0.6395,1.5897,18,11.5,,,,,,,,0.016151603,2,S
1,S,10,TP2C24,12,S,13:49,7.04,13.1,13:55,6.94,13.1,14:00,6.84,13.1,14:06,6.76,13.1,14:11,6.72,13.1,14:16,6.69,13.1,14:22,6.65,13.1,0.5313,1.3767,17,10,,,,,,,,0.049002915,2,S
1,S,11,TP2C25,12,S,13:50,7.07,13.1,13:55,6.91,13.1,14:00,6.78,13.1,14:06,6.68,13.1,14:11,6.61,13.1,14:17,6.53,13.1,14:22,6.47,13.1,0.6351,1.541,18,11,,,,,,,,0.125201166,2,S
1,S,12,TP2C26,12,S,13:50,7.19,13.1,13:55,7.09,13.1,14:01,7,13.1,14:06,6.93,13.1,14:12,6.9,13.1,14:17,6.88,13.1,14:23,6.82,13.1,0.6316,1.4747,17,11,,,,,,,,0,2,S
1,S,14,TP2C27,12,S,13:50,6.94,13.1,13:56,6.74,13.1,14:01,6.61,13.1,14:07,6.48,13.1,14:12,6.42,13.1,14:17,6.34,13.1,14:23,6.25,13.1,0.9832,2.4188,19,14,,,,,,,,0.085422741,2,S
1,S,15,TP2C28,12,S,13:51,6.98,13.1,13:56,6.83,13.1,14:01,6.73,13.1,14:07,6.58,13.1,14:13,6.52,13.1,14:18,6.48,13.1,14:23,6.41,13.1,0.8111,2.0278,18,13,,,,,,,,0.034728863,2,S
1,S,17,TP2C29,12,S,13:51,7.16,13.1,13:57,6.98,13.1,14:02,6.88,13.1,14:08,6.8,13.1,14:13,6.73,13.1,14:18,6.69,13.1,14:24,6.65,13.1,0.6305,1.6087,18,12,,,,,,,,0.00555102,2,S
1,S,18,TP2C30,12,S,13:52,7.42,13.1,13:57,7.2,13.1,14:02,7.03,13.1,14:08,6.9,13.1,14:13,6.8,13.1,14:18,6.74,13.1,14:24,6.65,13.1,1.1276,2.728,19.5,13,,,,,,,,0.126040816,2,S
1,S,2,TP3A01,7,S,13:48,5.8,12.6,13:54,5.73,12.6,13:59,5.62,12.5,14:05,5.54,12.5,14:10,5.49,12.5,14:15,5.43,12.5,14:21,5.4,12.5,0.5424,1.4413,17,11,,,,,,,,0.039804299,3,S
1,S,3,TP3A02,7,S,13:48,5.84,12.6,13:54,5.78,12.5,14:00,5.75,12.5,14:05,5.74,12.5,14:11,5.7,12.5,14:16,5.68,12.5,14:21,5.67,12.5,0.3857,0.9155,16,8,,,,,,,,0.081328391,3,S
1,S,4,TP3A03,7,S,13:49,5.97,12.6,13:54,5.84,12.6,14:00,5.72,12.5,14:05,5.66,12.5,14:11,5.58,12.5,14:16,5.53,12.5,14:21,5.46,12.5,0.7634,2.0257,19,12,,,,,,,,0.007460341,3,S
1,S,5,TP3A04,7,S,13:49,6.03,12.6,13:55,5.91,12.6,14:01,5.78,12.5,14:06,5.76,12.5,14:11,5.65,12.5,14:16,5.62,12.5,14:22,5.59,12.5,0.8181,1.934,18,13,,,,,,,,0.046529281,3,S
1,S,6,TP3A05,7,S,13:49,5.84,12.6,13:55,5.77,12.6,14:01,5.71,12.5,14:06,5.68,12.5,14:11,5.64,12.5,14:17,5.6,12.5,14:22,5.56,12.5,0.5355,1.3173,16,10,,,,,,,,0.038843588,3,S
1,S,7,TP3A06,7,S,13:50,5.74,12.6,13:55,5.63,12.6,14:01,5.51,12.5,14:06,5.44,12.5,14:12,5.39,12.5,14:17,5.31,12.5,14:22,5.26,12.5,0.696,1.6557,18,11,,,,,,,,0.026354337,3,S
1,S,8,TP3A07,7,S,13:50,5.87,12.6,13:55,5.75,12.6,14:01,5.64,12.5,14:06,5.55,12.5,14:12,5.47,12.5,14:17,5.42,12.5,14:22,5.35,12.5,0.8963,2.2731,19,11.5,,,,,,,,0.192664196,3,S
1,S,10,TP3A08,7,S,13:51,5.86,12.6,13:56,5.7,12.6,14:02,5.59,12.5,14:07,5.51,12.5,14:13,5.44,12.5,14:18,5.38,12.5,14:23,5.32,12.5,0.6738,1.591,17.5,11,,,,,,,,0.110683469,3,S
1,S,11,TP3A09,7,S,13:51,5.91,12.6,13:56,5.85,12.5,14:02,5.8,12.5,14:07,5.77,12.5,14:13,5.72,12.5,14:18,5.71,12.5,14:23,5.66,12.5,0.4789,1.1813,16,10,,,,,,,,0,3,S
1,S,12,TP3A10,7,S,13:51,5.98,12.6,13:57,5.92,12.5,14:02,5.87,12.5,14:08,5.81,12.5,14:13,5.77,12.5,14:18,5.72,12.5,14:24,5.68,12.5,0.6296,1.5701,18,11,,,,,,,,0.057097109,3,S
1,S,13,TP3B11,7,S,13:52,5.86,12.6,13:57,5.68,12.5,14:03,5.52,12.5,14:08,5.39,12.5,14:13,5.28,12.5,14:19,5.16,12.5,14:24,5.08,12.5,1.5692,3.7866,22,15.5,,,,,,,,0.163522609,3,S
1,S,14,TP3B12,7,S,13:52,5.98,12.6,13:57,5.84,12.5,14:03,5.75,12.5,14:08,5.69,12.5,14:14,5.62,12.5,14:19,5.57,12.5,14:24,5.53,12.5,0.6168,1.5292,17,11,,,,,,,,0.032652335,3,S
1,S,15,TP3B13,7,S,13:52,6.06,12.6,13:55,5.93,12.5,14:03,5.8,12.5,14:08,5.74,12.5,14:14,5.65,12.5,14:19,5.6,12.5,14:25,5.55,12.5,0.6318,1.5715,17,11,,,,,,,,0.036495182,3,S
1,S,16,TP3B14,7,S,13:53,6.44,12.6,13:58,6.26,12.5,14:03,6.07,12.5,14:09,5.98,12.5,14:14,5.86,12.5,14:20,5.82,12.5,14:25,5.75,12.5,0.6682,1.731,18,11,,,,,,,,0.003617494,3,S
1,S,17,TP3B15,7,S,13:53,6.16,12.6,13:58,6.11,12.5,14:04,6.07,12.5,14:09,6.04,12.5,14:15,6.01,12.5,14:20,5.99,12.5,14:25,5.98,12.5,0.3969,0.9358,15,10,,,,,,,,0.069159377,3,S
1,S,1,TP3B16,8,S,14:39,5.52,12.5,14:45,5.49,12.5,14:51,5.47,12.5,14:56,5.47,12.5,15:01,5.46,12.5,15:07,5.43,12.5,15:13,5.36,12.5,0.8606,2.1328,19,13,,,,,,,,0,3,S
1,S,3,TP3B17,8,S,14:40,5.5,12.5,14:46,5.39,12.5,14:52,5.32,12.5,14:57,5.26,12.5,15:02,5.21,12.5,15:07,5.18,12.5,15:14,5.11,12.5,0.7944,1.9805,18.5,12,,,,,,,,0.03553447,3,S
1,S,4,TP3B18,8,S,14:40,5.54,12.5,14:47,5.49,12.5,14:52,5.41,12.5,14:57,5.33,12.5,15:02,5.28,12.5,15:08,5.24,12.5,15:14,5.23,12.5,0.6372,1.6086,17,11.5,,,,,,,,0,3,S
1,S,5,TP3B19,8,S,14:41,5.63,12.5,14:47,5.54,12.5,14:52,5.48,12.5,14:58,5.44,12.5,15:03,5.41,12.5,15:08,5.4,12.5,15:14,5.35,12.5,0.5469,1.3216,16.5,10,,,,,,,,0.007780578,3,S
1,S,6,TP3B20,8,S,14:41,5.5,12.5,14:47,5.38,12.5,14:53,5.3,12.5,14:58,5.25,12.5,15:03,5.19,12.5,15:08,5.15,12.5,15:15,5.09,12.5,0.9833,2.4555,18,13,,,,,,,,0.028595997,3,S
1,S,7,TP3C21,8,S,14:41,5.46,12.5,14:48,5.37,12.5,14:53,5.31,12.5,14:58,5.28,12.5,15:03,5.18,12.5,15:09,5.12,12.5,15:15,5.06,12.5,0.7955,2.1279,19,13,,,,,,,,0.027762611,3,S
1,S,8,TP3C22,8,S,14:42,5.56,12.5,14:48,5.44,12.5,14:53,5.35,12.5,14:58,5.28,12.5,15:03,5.24,12.5,15:09,5.17,12.5,15:15,5.1,12.5,0.4546,1.1671,16,9.5,,,,,,,,0.189709199,3,S
1,S,9,TP3C23,8,S,14:42,5.57,12.5,14:48,5.46,12.5,14:53,5.41,12.5,14:59,5.34,12.5,15:04,5.28,12.5,15:09,5.18,12.5,15:16,5.16,12.5,0.736,1.7614,17,12.5,,,,,,,,0.032462908,3,S
1,S,10,TP3C24,8,S,14:42,5.52,12.5,14:49,5.44,12.5,14:54,5.37,12.5,14:59,5.32,12.5,15:04,5.26,12.5,15:10,5.2,12.5,15:16,5.15,12.5,0.8583,2.0849,18,11.5,,,,,,,,0.070278932,3,S
1,S,11,TP3C25,8,S,14:43,5.5,12.5,14:49,5.43,12.5,14:54,5.36,12.5,14:59,5.29,12.5,15:04,5.19,12.5,15:10,5.11,12.5,15:16,5.04,12.5,0.819,2.0499,18,12,,,,,,,,0.049127596,3,S
1,S,12,TP3C26,8,S,14:43,5.61,12.5,14:49,5.46,12.5,14:54,5.4,12.5,14:59,5.32,12.5,15:05,5.25,12.5,15:11,5.18,12.5,15:16,5.1,12.5,0.5335,1.3219,16,11,,,,,,,,0.075833828,3,S
1,S,13,TP3C27,8,S,14:43,5.66,12.5,14:49,5.55,12.5,14:54,5.47,12.5,15:00,5.39,12.5,15:05,5.32,12.5,15:11,5.26,12.5,15:17,5.19,12.5,0.8898,2.2079,19,13,,,,,,,,0.177637982,3,S
1,S,14,TP3C28,8,S,14:44,5.63,12.5,14:50,5.51,12.5,14:55,5.46,12.5,15:00,5.4,12.5,15:05,5.34,12.5,15:11,5.28,12.5,15:17,5.24,12.5,0.4841,1.2054,16,10,,,,,,,,0.003299703,3,S
1,S,17,TP3C29,8,S,14:45,5.77,12.5,14:51,5.6,12.5,14:55,5.49,12.5,15:01,5.36,12.5,15:06,5.27,12.5,15:12,5.18,12.5,15:18,5.08,12.5,1.3826,3.4521,20,15,,,,,,,,0.215881306,3,S
1,S,18,TP3C30,8,S,14:45,5.76,12.5,14:51,5.62,12.5,14:56,5.51,12.5,15:01,5.43,12.5,15:06,5.36,12.5,15:13,5.28,12.5,15:18,5.19,12.5,0.8926,2.1495,18,13,,,,,,,,0.080534125,3,S
1,S,2,TP4A01,9,S,9:55,4.99,11.9,10:00,4.96,11.6,10:06,4.89,11.7,10:12,4.84,11.7,10:18,4.77,11.7,10:23,4.75,11.6,10:30,4.71,11.6,0.8103,2.0671,18,12.5,,,,,,,,0.100746356,4,S
1,S,3,TP4A02,9,S,9:55,4.92,11.9,10:01,4.9,11.6,10:07,4.81,11.7,10:12,4.79,11.7,10:18,4.69,11.6,10:23,4.7,11.7,10:31,4.62,11.6,0.638,1.6313,17,12,,,,,,,,0.085317784,4,S
1,S,4,TP4A03,9,S,9:55,5.05,11.9,10:02,5.03,11.6,10:07,4.96,11.7,10:13,4.92,11.7,10:19,4.87,11.6,10:24,4.86,11.6,10:31,4.8,11.6,0.5493,1.31,16.5,10,,,,,,,,0.069154519,4,S
1,S,5,TP4A04,9,S,9:56,4.97,11.9,10:01,4.96,11.6,10:07,4.88,11.7,10:13,4.76,11.7,10:19,4.71,11.7,10:25,4.66,11.6,10:31,4.59,11.6,0.736,1.8752,17,12,,,,,,,,0.101900875,4,S
1,S,6,TP4A05,9,S,9:56,5.06,11.9,10:01,5.03,11.6,10:07,4.95,11.7,10:13,4.88,11.7,10:19,4.83,11.7,10:25,4.78,11.6,10:31,4.72,11.6,0.8914,2.2775,19,12,,,,,,,,0.040186589,4,S
1,S,7,TP4A06,9,S,9:56,5.09,11.9,10:02,5.08,11.6,10:08,4.91,11.7,10:14,4.88,11.7,10:20,4.85,11.6,10:25,4.83,11.6,10:32,4.79,11.6,0.8121,2.0842,18.5,12,,,,,,,,0.062437318,4,S
1,S,9,TP4A07,9,S,9:56,5.02,11.9,10:03,5,11.6,10:09,4.94,11.7,10:14,4.89,11.7,10:20,4.84,11.6,10:26,4.82,11.6,10:32,4.8,11.6,0.5188,1.2553,16,11,,,,,,,,0.007440233,4,S
1,S,10,TP4A08,9,S,9:57,4.99,11.9,10:03,4.95,11.7,10:09,4.88,11.7,10:15,4.84,11.7,10:20,4.8,11.6,10:26,4.78,11.6,10:33,4.76,11.6,0.7171,1.9155,19,11.5,,,,,,,,0.09696793,4,S
1,S,11,TP4A09,9,S,9:57,4.97,11.9,10:03,4.93,11.7,10:09,4.83,11.7,10:15,4.78,11.7,10:21,4.75,11.6,10:27,4.69,11.6,10:33,4.63,11.6,0.7969,1.9675,19,12,,,,,,,,0.095393586,4,S
1,S,12,TP4A10,9,S,9:57,5.01,11.9,10:03,4.96,11.7,10:10,4.88,11.7,10:15,4.85,11.7,10:21,4.81,11.6,10:27,4.79,11.6,10:33,4.75,11.6,0.6181,1.5188,17,11,,,,,,,,0.042705539,4,S
1,S,13,TP4B11,9,S,9:57,4.95,11.9,10:04,4.92,11.7,10:10,4.83,11.7,10:16,4.77,11.7,10:21,4.74,11.6,10:27,4.71,11.6,10:33,4.7,11.6,1.2952,3.3033,22,14,,,,,,,,0.038822157,4,S
1,S,14,TP4B12,9,S,9:58,4.98,11.9,10:04,4.97,11.7,10:10,4.9,11.7,10:16,4.86,11.7,10:22,4.82,11.6,10:28,4.8,11.6,10:34,4.76,11.6,0.4239,1.0629,15,10,,,,,,,,0.044804665,4,S
1,S,16,TP4B13,9,S,9:58,5.17,11.9,10:05,5.16,11.7,10:11,5.13,11.7,10:17,5.11,11.7,10:22,5.08,11.6,10:28,5.05,11.6,10:34,5.03,11.6,0.4065,0.9194,15,9.5,,,,,,,,0.060548105,4,S
1,S,17,TP4B14,9,S,9:58,5.02,11.9,10:05,4.96,11.7,10:11,4.9,11.7,10:17,4.86,11.7,10:22,4.82,11.6,10:29,4.8,11.6,10:35,4.79,11.6,0.5006,1.1851,16,10,,,,,,,,0.15406414,4,S
1,S,18,TP4B15,9,S,9:58,5.27,11.9,10:05,5.25,11.7,10:11,5.22,11.7,10:17,5.16,11.7,10:23,5.09,11.6,10:30,5.07,11.6,10:35,5.05,11.6,0.6296,1.6191,19,11.5,,,,,,,,0.031685131,4,S
1,S,1,TP4B16,10,S,10:50,4.9,11.6,10:54,4.87,11.6,11:00,4.83,11.6,11:05,4.81,11.6,11:10,4.78,11.6,11:16,4.77,11.6,11:20,4.7,11.6,0.5333,1.2644,17,10.5,,,,,,,,0.144932945,4,S
1,S,2,TP4B17,10,S,10:50,5.03,11.6,10:55,4.89,11.6,11:00,4.8,11.6,11:05,4.73,11.6,11:10,4.68,11.6,11:16,4.62,11.6,11:20,4.55,11.6,0.8584,2.2227,19,13,,,,,,,,0.109562682,4,S
1,S,4,TP4B18,10,S,10:50,5.01,11.6,10:55,4.95,11.6,11:00,4.89,11.6,11:05,4.86,11.6,11:11,4.82,11.6,11:16,4.81,11.6,11:21,4.78,11.6,0.442,1.1342,16,10,,,,,,,,0.034413994,4,S
1,S,5,TP4B19,10,S,10:51,5.09,11.6,10:55,4.99,11.6,11:01,4.94,11.6,11:06,4.91,11.6,11:11,4.87,11.6,11:17,4.84,11.6,11:21,4.83,11.6,0.5119,1.2713,12.5,10.5,,,,,,,,0.008174927,4,S
1,S,6,TP4B20,10,S,10:51,5.19,11.6,10:56,5.07,11.6,11:01,4.97,11.6,11:06,4.91,11.6,11:11,4.87,11.6,11:17,4.82,11.6,11:22,4.76,11.6,0.4897,1.2644,17,10,,,,,,,,0.142413994,4,S
1,S,8,TP4C21,10,S,10:51,5.04,11.6,10:56,4.93,11.6,11:02,4.82,11.6,11:07,4.74,11.6,11:12,4.68,11.6,11:17,4.62,11.6,11:23,4.54,11.6,0.5823,1.4392,16,10,,,,,,,,0.154071481,4,S
1,S,9,TP4C22,10,S,10:52,5.06,11.6,10:57,4.95,11.6,11:02,4.9,11.6,11:07,4.86,11.6,11:13,4.78,11.6,11:17,4.77,11.6,11:23,4.72,11.6,1.0063,2.5327,19,13.5,,,,,,,,0.20280671,4,S
1,S,10,TP4C23,10,S,10:52,5.01,11.6,10:57,4.89,11.6,11:02,4.8,11.6,11:07,4.72,11.6,11:13,4.65,11.6,11:18,4.6,11.6,11:23,4.54,11.6,0.7033,1.7572,18,12,,,,,,,,0.033913931,4,S
1,S,11,TP4C24,10,S,10:52,5.08,11.6,10:57,5,11.6,11:02,4.95,11.6,11:08,4.91,11.6,11:13,4.85,11.6,11:18,4.83,11.6,11:23,4.78,11.6,0.5798,1.4973,16,11,,,,,,,,0.082544128,4,S
1,S,12,TP4C25,10,S,10:52,5.07,11.6,10:58,4.94,11.6,11:03,4.86,11.6,11:08,4.78,11.6,11:14,4.7,11.6,11:18,4.62,11.6,11:24,4.57,11.6,1.1595,2.7865,20,12,,,,,,,,0.129808899,4,S
1,S,13,TP4C26,10,S,10:53,5.04,11.6,10:58,4.99,11.6,11:03,4.98,11.6,11:08,4.96,11.6,11:14,4.97,11.6,11:19,4.97,11.6,11:24,4.96,11.6,0.5004,1.2254,16,10,,,,,,,,0.010491612,4,S
1,S,14,TP4C27,10,S,10:53,5.12,11.6,10:58,4.96,11.6,11:03,4.91,11.6,11:08,4.86,11.6,11:14,4.82,11.6,11:19,4.79,11.6,11:24,4.76,11.6,0.7196,1.7915,17,12,,,,,,,,0.047883297,4,S
1,S,15,TP4C28,10,S,10:53,5,11.6,10:58,4.88,11.6,11:03,4.8,11.6,11:09,4.75,11.6,11:14,4.7,11.6,11:19,4.65,11.6,11:24,4.61,11.6,0.6724,1.7578,17.5,12,,,,,,,,0.05471043,4,S
1,S,17,TP4C29,10,S,10:54,5.23,11.6,10:59,5.12,11.6,11:04,5.06,11.6,11:09,5,11.6,11:15,4.94,11.6,11:20,4.93,11.6,11:25,4.88,11.6,0.5675,1.5004,17.5,11,,,,,,,,0.031498177,4,S
1,S,18,TP4C30,10,S,10:54,5.35,11.6,10:59,5.21,11.6,11:04,5.11,11.6,11:10,5.04,11.6,11:15,4.98,11.6,11:20,4.93,11.6,11:25,4.9,11.6,0.5562,1.446,17,11,,,,,,,,0.12968298,4,S
1,S,1,TP5A01,1,S,9:53,4.74,11.7,9:58,4.65,11.7,10:03,4.6,11.7,10:07,4.56,11.7,10:12,4.53,11.7,10:17,4.5,11.7,10:21,4.46,11.7,0.5501,1.3239,17,10,,,,,,,,0,5,S
1,S,2,TP5A02,1,S,9:53,4.66,11.7,9:58,4.61,11.7,10:03,4.53,11.7,10:08,4.45,11.7,10:12,4.41,11.7,10:17,4.35,11.7,10:22,4.33,11.7,0.5369,1.3289,17,10,,,,,,,,0,5,S
1,S,4,TP5A03,1,S,9:54,4.61,11.7,9:59,4.51,11.7,10:04,4.42,11.7,10:08,4.34,11.7,10:13,4.28,11.7,10:18,4.22,11.7,10:22,4.15,11.7,0.5965,1.566,18,10.5,,,,,,,,0.024899534,5,S
1,S,5,TP5A04,1,S,9:54,4.76,11.7,9:59,4.64,11.7,10:04,4.56,11.7,10:08,4.51,11.7,10:13,4.44,11.7,10:18,4.39,11.7,10:22,4.33,11.7,0.7265,1.8299,19,11.5,,,,,,,,0.061402528,5,S
1,S,6,TP5A05,1,S,9:54,4.76,11.7,9:59,4.7,11.7,10:04,4.63,11.7,10:09,4.59,11.7,10:13,4.51,11.7,10:18,4.46,11.7,10:23,4.43,11.7,0.6244,1.6675,18,11,,,,,,,,0.055270792,5,S
1,S,8,TP5A06,1,S,9:55,4.78,11.7,10:00,4.7,11.7,10:05,4.62,11.7,10:09,4.58,11.7,10:14,4.53,11.7,10:18,4.51,11.7,10:23,4.45,11.7,0.6751,1.6643,17,12,,,,,,,,0.011198935,5,S
1,S,9,TP5A07,1,S,9:55,4.95,11.7,10:00,4.84,11.7,10:05,4.79,11.7,10:09,4.75,11.7,10:14,4.69,11.7,10:19,4.66,11.7,10:23,4.61,11.7,0.6738,1.7063,17,11,,,,,,,,0.153186959,5,S
1,S,10,TP5A08,1,S,9:55,4.95,11.7,10:00,4.88,11.7,10:05,4.81,11.7,10:10,4.76,11.7,10:14,4.71,11.7,10:19,4.68,11.7,10:24,4.64,11.6,0.6445,1.665,18,12,,,,,,,,0.125115103,5,S
1,S,12,TP5A09,1,S,9:56,5,11.7,10:01,4.89,11.7,10:06,4.8,11.7,10:10,4.71,11.7,10:15,4.64,11.7,10:19,4.59,11.7,10:24,4.55,11.6,0.7912,1.8768,17,13,,,,,,,,0.001330672,5,S
1,S,13,TP5A10,1,S,9:56,5.07,11.7,10:01,5.02,11.7,10:06,4.9,11.7,10:11,4.82,11.7,10:15,4.8,11.7,10:20,4.76,11.7,10:24,4.74,11.6,0.6209,1.5427,17,11.5,,,,,,,,0.013210912,5,S
1,S,14,TP5B11,1,S,9:56,5.31,11.7,10:01,5.25,11.7,10:06,5.24,11.7,10:11,5.21,11.7,10:16,5.18,11.7,10:20,5.16,11.7,10:25,5.13,11.6,0.5135,1.2378,16.5,10,,,,,,,,0.007563249,5,S
1,S,15,TP5B12,1,S,9:57,5.13,11.7,10:02,5.02,11.7,10:06,4.88,11.7,10:11,4.81,11.7,10:16,4.75,11.7,10:20,4.67,11.7,10:25,4.62,11.6,0.6347,1.635,17,12,,,,,,,,0.059334221,5,S
1,S,16,TP5B13,1,S,9:57,5.26,11.7,10:02,5.09,11.7,10:07,4.99,11.7,10:11,4.94,11.7,10:16,4.85,11.7,10:21,4.81,11.7,10:25,4.76,11.6,0.8114,2.0486,18,12.5,,,,,,,,0.041981358,5,S
1,S,17,TP5B14,1,S,9:57,5.23,11.7,10:02,5.09,11.7,10:07,5.01,11.7,10:12,4.93,11.7,10:16,4.88,11.7,10:21,4.83,11.7,10:25,4.78,11.6,0.5998,1.4645,18,11,,,,,,,,0.015233023,5,S
1,S,18,TP5B15,1,S,9:57,5.34,11.7,10:02,5.18,11.7,10:07,5.09,11.7,10:12,5.01,11.7,10:17,4.95,11.7,10:21,4.94,11.7,10:25,4.85,11.6,0.522,1.3392,17,10,,,,,,,,0.095190413,5,S
1,S,1,TP5B16,2,S,10:43,4.66,11.6,10:48,4.64,11.6,10:53,4.59,11.6,10:57,4.56,11.6,11:02,4.54,11.6,11:07,4.51,11.6,11:11,4.46,11.6,0.3054,0.756,13,9,,,,,,,,0.006700399,5,S
1,S,2,TP5B17,2,S,10:44,4.64,11.6,10:48,4.56,11.6,10:53,4.51,11.6,10:58,4.49,11.6,11:02,4.45,11.6,11:07,4.4,11.6,11:11,4.37,11.6,0.4775,1.2585,16,10,,,,,,,,0.098929427,5,S
1,S,4,TP5B18,2,S,10:44,4.73,11.6,10:49,4.68,11.6,10:54,4.65,11.6,10:58,4.62,11.6,11:03,4.61,11.6,11:07,4.6,11.6,11:12,4.57,11.6,0.4732,1.1875,16,10,,,,,,,,0,5,S
1,S,5,TP5B19,2,S,10:44,4.76,11.6,10:49,4.68,11.6,10:54,4.93,11.6,10:59,4.56,11.6,11:03,4.53,11.6,11:08,4.5,11.6,11:12,4.45,11.6,0.8489,2.0514,18,13,,,,,,,,0.100079893,5,S
1,S,6,TP5B20,2,S,10:44,4.79,11.6,10:49,4.74,11.6,10:54,4.7,11.6,10:59,4.63,11.6,11:03,4.58,11.6,11:08,4.55,11.6,11:12,4.51,11.6,0.9465,2.3322,19,13,,,,,,,,0.014849534,5,S
1,S,7,TP5C21,2,S,10:45,4.9,11.6,10:50,4.77,11.6,10:54,4.67,11.6,10:59,4.6,11.6,11:03,4.53,11.6,11:08,4.47,11.6,11:13,4.42,11.6,0.7058,1.9785,18,12,,,,,,,,0.072133245,5,S
1,S,8,TP5C22,2,S,10:45,4.88,11.6,10:50,4.81,11.6,10:54,4.77,11.6,10:59,4.72,11.6,11:04,4.69,11.6,11:08,4.66,11.6,11:13,4.65,11.6,0.5068,1.3441,16,10.5,,,,,,,,0.039419054,5,S
1,S,10,TP5C23,2,S,10:46,4.98,11.6,10:51,4.82,11.6,10:55,4.73,11.6,11:00,4.66,11.6,11:04,4.69,11.6,11:09,4.54,11.6,11:13,4.49,11.6,0.7526,2.0414,18,12,,,,,,,,0.020423718,5,S
1,S,11,TP5C24,2,S,10:46,4.91,11.6,10:51,4.87,11.6,10:55,4.82,11.6,11:00,4.78,11.6,11:04,4.74,11.6,11:09,4.71,11.6,11:14,4.67,11.6,0.9178,2.2288,19,13,,,,,,,,0.001428381,5,S
1,S,12,TP5C25,2,S,10:46,4.95,11.6,10:51,4.86,11.6,10:55,4.79,11.6,11:00,4.7,11.6,11:05,4.64,11.6,11:09,4.58,11.6,11:14,4.53,11.6,0.5276,1.4102,17,11,,,,,,,,0.031936043,5,S
1,S,13,TP5C26,2,S,10:46,5,11.6,10:51,4.89,11.6,10:56,4.83,11.6,11:00,4.77,11.6,11:05,4.72,11.6,11:10,4.68,11.6,11:14,4.65,11.6,0.62,1.5808,17,11,,,,,,,,0.047861426,5,S
1,S,14,TP5C27,2,S,10:47,5.1,11.6,10:51,5,11.6,10:56,4.9,11.6,11:01,4.84,11.6,11:05,4.79,11.6,11:10,4.74,11.6,11:14,4.71,11.6,0.6264,1.5647,17,11.5,,,,,,,,0.120293138,5,S
1,S,15,TP5C28,2,S,10:47,5.16,11.6,10:52,5.1,11.6,10:56,5.06,11.6,11:01,4.98,11.6,11:05,4.94,11.6,11:10,4.89,11.6,11:15,4.85,11.6,0.5732,1.4781,18,10,,,,,,,,0.036924717,5,S
1,S,16,TP5C29,2,S,10:47,5.39,11.6,10:52,5.13,11.6,10:56,5.05,11.6,11:01,5.04,11.6,11:06,5,11.6,11:10,4.98,11.6,11:15,4.96,11.6,0.5563,1.3792,16,10.5,,,,,,,,0.006033311,5,S
1,S,18,TP5C30,2,S,,,,,,,,,,,,,,,,,,,,,,0.4292,1.1789,16,10,,,,,,,,0.02616245,5,S
1,S,1,TP6A01,5,S,10:18,4.28,11.3,10:23,4.17,11.3,10:28,4.1,11.3,10:33,4.05,11.3,10:40,4,11.3,10:46,3.94,11.3,10:51,3.92,11.3,0.6562,1.7145,19,11,,,,,,,,0.084424018,6,S
1,S,3,TP6A02,5,S,10:19,4.32,11.3,10:23,4.23,11.3,10:28,4.11,11.3,10:34,4.06,11.3,10:40,3.97,11.3,10:47,3.91,11.3,10:52,3.86,11.3,1.1074,2.674,19,13,,,,,,,,0.02325871,6,S
1,S,4,TP6A03,5,S,10:19,4.36,11.3,10:24,4.25,11.3,10:29,4.18,11.3,10:34,4.11,11.4,10:41,4.02,11.3,10:47,3.96,11.3,10:52,3.9,11.3,0.7104,1.7495,19,12,,,,,,,,0.116981468,6,S
1,S,5,TP6A04,5,S,10:19,4.2,11.3,10:24,4.09,11.3,10:29,3.99,11.3,10:34,3.91,11.4,10:42,3.82,11.3,10:47,3.74,11.3,10:52,3.69,11.3,0.9856,2.5984,19,13.5,,,,,,,,0.013865085,6,S
1,S,6,TP6A05,5,S,10:19,4.39,11.3,10:24,4.31,11.3,10:29,4.28,11.3,10:35,4.23,11.4,10:42,4.19,11.3,10:48,4.19,11.3,10:53,4.16,11.3,0.6816,1.7489,18,12,,,,,,,,0.086452187,6,S
1,S,7,TP6A06,5,S,10:20,4.13,11.3,10:25,4.01,11.3,10:29,3.93,11.3,10:35,3.85,11.4,10:42,3.75,11.3,10:48,3.68,11.3,10:53,3.63,11.3,1.1061,2.8022,20,14,,,,,,,,0.072895478,6,S
1,S,8,TP6A07,5,S,10:20,4.4,11.3,10:25,4.34,11.3,10:30,4.31,11.3,10:35,4.28,11.4,10:43,4.26,11.3,10:48,4.25,11.3,10:53,4.23,11.3,0.4084,0.9989,15,10,,,,,,,,0,6,S
1,S,9,TP6A08,5,S,10:20,4.4,11.3,10:25,4.31,11.3,10:30,4.28,11.4,10:36,4.25,11.4,10:43,4.2,11.3,10:48,4.17,11.3,10:54,4.16,11.3,0.7189,1.8332,18,13,,,,,,,,9.49E-05,6,S
1,S,11,TP6A09,5,S,10:21,4.3,11.3,10:26,4.21,11.3,10:30,4.14,11.3,10:36,4.12,11.4,10:44,4.02,11.3,10:49,3.93,11.3,10:54,3.9,11.3,1.1326,2.7777,20,13,,,,,,,,0.053254262,6,S
1,S,12,TP6A10,5,S,10:21,4.31,11.3,10:26,4.24,11.3,10:31,4.18,11.4,10:37,4.14,11.4,10:44,4.07,11.3,10:49,4.04,11.3,10:54,4,11.3,0.6571,1.6039,16,11,,,,,,,,0,6,S
1,S,13,TP6B11,5,S,10:21,4.45,11.3,10:26,4.38,11.3,10:31,4.34,11.4,10:37,4.3,11.4,10:44,4.26,11.3,10:49,4.22,11.3,10:55,4.2,11.3,0.6572,1.5977,17.5,11,,,,,,,,0.120734815,6,S
1,S,14,TP6B12,5,S,10:21,4.5,11.3,10:27,4.44,11.3,10:31,4.42,11.4,10:37,4.38,11.4,10:44,4.35,11.3,10:50,4.33,11.3,10:55,4.32,11.3,0.4736,1.1181,16,9,,,,,,,,0,6,S
1,S,15,TP6B13,5,S,10:22,4.53,11.3,10:27,4.46,11.3,10:31,4.4,11.3,10:38,4.33,11.4,10:45,4.28,11.3,10:50,4.23,11.3,10:55,4.2,11.3,0.626,1.6993,17,11,,,,,,,,0.019508148,6,S
1,S,16,TP6B14,5,S,10:22,4.56,11.3,10:27,4.51,11.3,10:32,4.43,11.3,10:38,4.37,11.4,10:45,4.33,11.3,10:50,4.28,11.3,10:56,4.25,11.3,0.8031,2.1664,20,12,,,,,,,,0.017161481,6,S
1,S,17,TP6B15,5,S,10:22,4.68,11.3,10:27,4.61,11.3,10:32,4.6,11.4,10:38,4.54,11.4,10:45,4.5,11.3,10:51,4.49,11.3,10:56,4.47,11.3,0.8422,2.0963,19,14,,,,,,,,0,6,S
1,S,2,TP6B16,6,S,11:10,4.14,11.3,11:15,4.1,11.3,11:21,4.04,11.3,11:27,4.01,11.3,11:35,3.96,11.3,11:40,3.92,11.3,11:46,3.88,11.3,0.5116,1.2801,15.5,11,,,,,,,,0,6,S
1,S,3,TP6B17,6,S,11:11,4.15,11.3,11:15,4.06,11.3,11:21,3.93,11.3,11:27,3.85,11.3,11:35,3.74,11.3,11:41,3.67,11.3,11:46,3.59,11.3,0.7515,1.9063,18,13,,,,,,,,0.127561481,6,S
1,S,4,TP6B18,6,S,11:11,4.48,11.3,11:16,4.31,11.3,11:22,4.22,11.3,11:28,4.13,11.3,11:35,4.08,11.3,11:41,4.03,11.3,11:47,3.97,11.3,0.4436,1.0701,15,10,,,,,,,,0.033054815,6,S
1,S,5,TP6B19,6,S,11:11,4.35,11.3,11:16,4.37,11.3,11:22,4.38,11.3,11:28,4.4,11.3,11:36,4.39,11.3,11:41,4.39,11.3,11:47,4.35,11.3,0.3211,0.7441,14,9,,,,,,,,0,6,S
1,S,6,TP6B20,6,S,11:11,4.26,11.3,11:16,4.19,11.3,11:22,4.13,11.3,11:29,4.06,11.3,11:36,3.98,11.3,11:42,3.94,11.3,11:47,3.92,11.3,0.5236,1.3536,17,10,,,,,,,,0.093321481,6,S
1,S,7,TP6C21,6,S,11:11,4.23,11.3,11:17,4.1,11.3,11:23,4.04,11.3,11:30,3.93,11.3,11:36,3.89,11.3,11:42,3.87,11.3,11:47,3.81,11.3,0.6508,1.7253,17,12.5,,,,,,,,0,6,S
1,S,8,TP6C22,6,S,11:12,4.33,11.3,11:17,4.32,11.3,11:23,4.29,11.3,11:30,4.28,11.3,11:37,4.29,11.3,11:42,4.28,11.3,11:48,4.29,11.3,1.0722,2.6956,20,14,,,,,,,,0.016094815,6,S
1,S,9,TP6C23,6,S,11:12,4.47,11.3,11:18,4.33,11.3,11:23,4.25,11.3,11:31,4.15,11.3,11:37,4.08,11.3,11:43,4.03,11.3,11:48,3.98,11.3,0.5576,1.3845,17,11,,,,,,,,0.033801481,6,S
1,S,10,TP6C24,6,S,11:12,4.4,11.3,11:18,4.32,11.3,11:24,4.26,11.3,11:31,4.22,11.3,11:37,4.18,11.3,11:43,4.15,11.3,11:48,4.12,11.3,0.3899,0.947,15,10,,,,,,,,0.089054815,6,S
1,S,11,TP6C25,6,S,11:12,4.44,11.3,11:18,4.32,11.3,11:24,4.26,11.3,11:31,4.2,11.3,11:38,4.15,11.3,11:43,4.13,11.3,11:49,4.1,11.3,1.1252,2.6587,20,13,,,,,,,,0.031668148,6,S
1,S,13,TP6C26,6,S,11:13,4.43,11.3,11:19,4.4,11.3,11:25,4.41,11.3,11:32,4.44,11.3,11:38,4.46,11.3,11:44,4.46,11.3,11:49,4.48,11.3,0.3426,0.8403,15,9,,,,,,,,0.006281481,6,S
1,S,14,TP6C27,6,S,11:13,4.38,11.3,11:19,4.26,11.3,11:25,4.19,11.3,11:32,4.08,11.3,11:38,4.02,11.3,11:44,3.96,11.3,11:50,3.93,11.3,0.649,1.6235,18,11.5,,,,,,,,0.009268148,6,S
1,S,15,TP6C28,6,S,11:14,4.39,11.3,11:19,4.29,11.3,11:25,4.17,11.3,11:33,4.08,11.3,11:39,3.97,11.3,11:44,3.88,11.3,11:50,3.78,11.3,0.789,1.9085,18,12,,,,,,,,0.023134815,6,S
1,S,16,TP6C29,6,S,11:14,4.53,11.3,11:20,4.41,11.3,11:26,4.35,11.3,11:33,4.27,11.3,11:39,4.24,11.3,11:45,4.21,11.3,11:50,4.19,11.3,0.7413,1.8556,19,11.5,,,,,,,,0.015988148,6,S
1,S,18,TP6C30,6,S,11:14,4.51,11.3,11:20,4.38,11.3,11:26,4.3,11.3,11:34,4.21,11.3,11:40,4.15,11.3,11:45,4.12,11.3,11:51,4.05,11.3,0.7956,1.9139,18,12,,,,,,,,0.008728349,6,S
2,S,1,CONT1_13,13,C,9:48,4.44,11.9,9:53,4.43,11.8,9:58,4.41,11.8,10:02,4.42,11.8,10:09,4.42,11.8,10:14,4.42,11.8,10:20,4.42,11.8,,,,,,,,,,,,,7,C
2,S,5,CONT1_14,14,C,10:37,4.68,11.8,10:42,4.66,11.8,10:48,4.66,11.8,10:55,4.65,11.8,11:01,4.66,11.8,11:06,4.65,11.8,11:11,4.66,11.8,,,,,,,,,,,,,7,C
2,S,1,CONT1_15,15,C,11:28,8.08,13.4,11:34,8.03,13.5,11:41,8,13.5,11:47,7.98,13.5,11:52,7.97,13.5,11:57,7.95,13.5,12:03,7.92,13.5,,,,,,,,,,,,,7,C
2,S,1,CONT1_16,16,C,13:25,8.3,13.6,13:31,8.21,13.6,13:36,8.14,13.6,13:41,8.09,13.6,13:46,8.08,13.6,13:51,8.07,13.6,13:55,8.02,13.6,,,,,,,,,,,,,7,C
2,S,3,CONT1_17,17,C,9:30,3.93,11.3,9:34,3.92,11.4,9:39,3.98,11.2,9:45,3.97,11.2,9:49,3.97,11.2,9:53,3.97,11.2,9:57,3.98,11.2,,,,,,,,,,,,,7,C
2,S,1,CONT1_18,18,C,10:15,3.9,11.2,10:20,3.9,11.2,10:24,3.91,11.2,10:29,3.9,11.2,10:33,3.89,11.2,10:37,3.9,11.2,10:41,3.9,11.2,,,,,,,,,,,,,7,C
2,S,3,CONT1_19,19,C,10:57,5.6,12.4,11:02,5.56,12.5,11:06,5.55,12.5,11:10,5.53,12.5,11:15,5.55,12.5,11:19,5.54,12.5,11:24,5.55,12.5,,,,,,,,,,,,,7,C
2,S,2,CONT1_20,20,C,11:39,5.71,12.6,11:43,5.7,12.5,11:48,5.69,12.5,11:53,5.68,12.5,11:58,5.7,12.5,12:03,5.67,12.5,12:08,5.69,12.5,,,,,,,,,,,,,7,C
2,S,1,CONT1_21,21,C,9:28,4.89,12.1,9:33,5,11.8,9:37,4.89,11.7,9:41,4.87,11.7,9:46,4.85,11.7,9:51,4.82,11.7,9:54,4.83,11.7,,,,,,,,,,,,,7,C
2,S,3,CONT1_22,22,C,10:16,4.94,11.7,10:20,4.92,11.7,10:25,4.91,11.7,10:29,4.9,11.7,10:33,4.9,11.7,10:38,4.9,11.7,10:42,4.89,11.7,,,,,,,,,,,,,7,C
2,S,1,CONT1_23,23,C,11:01,7.05,12.9,11:05,6.97,13,11:10,6.94,13.1,11:14,6.95,13.1,11:19,6.93,13.1,11:23,6.92,13.1,11:27,6.93,13.1,,,,,,,,,,,,,7,C
2,S,3,CONT1_24,24,C,11:59,7.21,13.2,12:03,7.14,13.2,12:08,7.1,13.2,12:12,7.1,13.2,12:17,7.11,13.1,12:21,7.06,13.1,12:25,7.06,13.1,,,,,,,,,,,,,7,C
2,S,5,CONT2_13,13,C,9:49,4.56,11.8,9:54,4.55,11.8,9:59,4.54,11.8,10:03,4.53,11.8,10:10,4.52,11.8,10:15,4.53,11.8,10:22,4.53,11.8,,,,,,,,,,,,,7,C
2,S,12,CONT2_14,14,C,10:39,4.83,11.8,10:44,4.76,11.8,10:51,4.76,11.8,10:57,4.75,11.8,11:02,4.74,11.8,11:08,4.75,11.8,11:12,4.75,11.8,,,,,,,,,,,,,7,C
2,S,9,CONT2_15,15,C,11:31,8.2,13.5,11:37,8.11,13.5,11:44,8.07,13.5,11:49,8.02,13.5,11:54,7.99,13.5,12:00,7.98,13.5,12:05,7.98,13.5,,,,,,,,,,,,,7,C
2,S,11,CONT2_16,16,C,13:28,8.54,13.6,13:33,8.36,13.6,13:39,8.28,13.6,13:44,8.21,13.6,13:49,8.19,13.6,13:53,8.13,13.6,13:58,8.11,13.6,,,,,,,,,,,,,7,C
2,S,12,CONT2_17,17,C,9:32,4.15,11.3,9:36,4.15,11.4,9:42,4.17,11.2,9:47,4.16,11.2,9:51,4.16,11.2,9:55,4.15,11.2,10:00,4.15,11.2,,,,,,,,,,,,,7,C
2,S,11,CONT2_18,18,C,10:17,4.16,11.2,10:22,4.14,11.2,10:27,4.11,11.2,10:31,4.1,11.2,10:35,4.1,11.2,10:39,4.09,11.2,10:44,4.1,11.2,,,,,,,,,,,,,7,C
2,S,10,CONT2_19,19,C,10:59,5.79,12.4,11:04,5.7,12.5,11:08,5.67,12.5,11:12,5.65,12.5,11:17,5.64,12.5,11:21,5.63,12.5,11:25,5.63,12.5,,,,,,,,,,,,,7,C
2,S,9,CONT2_20,20,C,11:41,5.97,12.6,11:45,5.88,12.5,11:50,5.88,12.5,11:55,5.87,12.5,12:00,5.88,12.5,12:05,5.88,12.5,12:10,5.87,12.5,,,,,,,,,,,,,7,C
2,S,8,CONT2_21,21,C,9:29,5.15,12,9:35,5.16,11.7,9:39,5.14,11.7,9:43,5.11,11.7,9:48,5.11,11.7,9:52,5.1,11.7,9:56,5.11,11.7,,,,,,,,,,,,,7,C
2,S,7,CONT2_22,22,C,10:17,5.27,11.7,10:21,5.24,11.7,10:25,5.28,11.7,10:30,5.29,11.7,10:34,5.27,11.7,10:39,5.28,11.7,10:42,5.28,11.7,,,,,,,,,,,,,7,C
2,S,6,CONT2_23,23,C,11:02,7.14,12.9,11:06,7.08,13.1,11:11,7.04,13.1,11:15,7.06,13.1,11:20,7.03,13.1,11:24,7.03,13.1,11:28,7.03,13.1,,,,,,,,,,,,,7,C
2,S,12,CONT2_24,24,C,12:02,7.54,13.2,12:05,7.43,13.1,12:10,7.4,13.1,12:15,7.36,13.1,12:19,7.35,13.1,12:23,7.32,13.1,12:27,7.31,13.1,,,,,,,,,,,,,7,C
2,S,15,CONT3_13,13,C,9:52,4.76,11.8,9:56,4.73,11.8,10:01,4.71,11.8,10:06,4.69,11.8,10:13,4.68,11.8,10:19,4.69,11.8,10:24,4.69,11.8,,,,,,,,,,,,,7,C
2,S,17,CONT3_14,14,C,10:41,5,11.8,10:46,4.94,11.8,10:53,4.91,11.8,10:59,4.91,11.8,11:04,4.9,11.8,11:09,4.91,11.8,11:13,4.9,11.8,,,,,,,,,,,,,7,C
2,S,18,CONT3_15,15,C,11:34,8.48,13.5,11:41,8.34,13.5,11:46,8.3,13.5,11:52,8.24,13.5,11:57,8.25,13.5,12:01,8.22,13.5,12:08,8.22,13.5,,,,,,,,,,,,,7,C
2,S,18,CONT3_16,16,C,13:30,8.66,13.6,13:35,8.51,13.6,13:41,8.38,13.6,13:46,8.32,13.6,13:51,8.31,13.6,13:55,8.26,13.6,13:59,8.24,13.6,,,,,,,,,,,,,7,C
2,S,16,CONT3_18,18,C,10:19,4.57,11.2,10:23,4.32,11.2,10:28,4.26,11.2,10:32,4.25,11.2,10:36,4.23,11.2,10:41,4.22,11.2,10:45,4.21,11.2,,,,,,,,,,,,,7,C
2,S,15,CONT3_19,19,C,11:00,6.08,12.5,11:05,5.98,12.5,11:09,5.95,12.5,11:13,5.91,12.5,11:18,5.91,12.5,11:22,5.91,12.5,11:26,5.9,12.5,,,,,,,,,,,,,7,C
2,S,17,CONT3_20,20,C,11:43,6.12,12.6,11:47,6.05,12.5,11:52,6.02,12.5,11:57,6,12.5,12:02,6,12.5,12:07,6,12.5,12:12,5.98,12.5,,,,,,,,,,,,,7,C
2,S,15,CONT3_21,21,C,9:31,5.2,12,9:36,5.19,11.7,9:40,5.15,11.7,9:45,5.12,11.7,9:49,5.11,11.7,9:53,5.09,11.7,9:58,5.09,11.7,,,,,,,,,,,,,7,C
2,S,16,CONT3_22,22,C,10:19,5.49,11.7,10:23,5.42,11.7,10:27,5.4,11.7,10:32,5.39,11.7,10:37,5.39,11.7,10:41,5.39,11.7,10:45,5.4,11.7,,,,,,,,,,,,,7,C
2,S,11,CONT3_23,23,C,11:03,7.26,13,11:08,7.18,13.1,11:12,7.14,13.1,11:17,7.15,13.1,11:21,7.14,13.1,11:25,7.12,13.1,11:30,7.13,13.1,,,,,,,,,,,,,7,C
2,S,17,CONT3_24,24,C,12:02,7.63,13.1,12:07,7.53,13.2,12:11,7.49,13.1,12:16,7.43,13.1,12:20,7.43,13.1,12:24,7.38,13.1,12:29,7.4,13.1,,,,,,,,,,,,,7,C
2,S,2,TP1A01,15,S,11:29,8.15,13.4,11:34,8.05,13.5,11:41,7.99,13.5,11:47,7.93,13.5,11:53,7.9,13.5,11:58,7.88,13.5,12:03,7.83,13.5,0.3844,0.9662,16,9,,,,,,,,0.126598817,1,S
2,S,3,TP1A02,15,S,11:29,8.12,13.5,11:35,8.02,13.5,11:42,7.91,13.5,11:47,7.84,13.5,11:53,7.79,13.5,11:58,7.73,13.5,12:03,7.7,13.5,0.7551,1.8474,19,12,,,,,,,,0.007511512,1,S
2,S,4,TP1A03,15,S,11:29,8.2,13.5,11:35,8.05,13.5,11:42,7.94,13.5,11:48,7.87,13.5,11:53,7.81,13.5,11:58,7.76,13.5,12:04,7.73,13.5,0.6346,1.6656,18,12,,,,,,,,0.040022941,1,S
2,S,5,TP1A04,15,S,11:30,8.32,13.5,11:36,8.14,13.5,11:42,8.01,13.5,11:48,7.95,13.5,11:53,7.87,13.5,11:58,7.83,13.5,12:04,7.76,13.5,0.8448,2.0838,18,12,,,,,,,,-0.002380688,1,S
2,S,6,TP1A05,15,S,11:30,8.23,13.5,11:36,8.08,13.5,11:43,7.96,13.5,11:48,7.9,13.5,11:54,7.86,13.5,11:59,7.83,13.5,12:05,7.77,13.5,0.6943,1.7545,19,11.5,,,,,,,,0.013321822,1,S
2,S,7,TP1A06,15,S,11:30,8.2,13.5,11:36,8.07,13.5,11:43,7.94,13.5,11:49,7.91,13.5,11:54,7.85,13.5,11:59,7.83,13.5,12:05,7.74,13.5,0.5674,1.4534,16,11,,,,,,,,-0.040042745,1,S
2,S,8,TP1A07,15,S,11:30,8.16,13.5,11:37,7.99,13.5,11:43,7.88,13.5,11:49,7.8,13.5,11:54,7.74,13.5,11:59,7.68,13.5,12:05,7.64,13.6,0.7671,1.845,18,12,,,,,,,,0.024608726,1,S
2,S,10,TP1A08,15,S,11:31,8.25,13.5,11:38,8.03,13.5,11:44,7.89,13.5,11:50,7.8,13.5,11:55,7.74,13.5,12:00,7.67,13.5,12:06,7.63,13.5,0.7448,1.8742,18,12,,,,,,,,0.046041151,1,S
2,S,11,TP1A09,15,S,11:31,8.22,13.5,11:38,8.09,13.5,11:44,8,13.5,11:50,7.94,13.5,11:55,7.88,13.5,12:00,7.84,13.5,12:06,7.78,13.5,0.633,1.6987,18,12,,,,,,,,-0.009348813,1,S
2,S,12,TP1A10,15,S,11:32,8.35,13.5,11:39,8.21,13.5,11:44,8.13,13.5,11:50,8.07,13.5,11:55,8,13.5,12:00,7.97,13.5,12:06,7.93,13.5,0.4401,1.1548,17,10,,,,,,,,-0.007287685,1,S
2,S,13,TP1B11,15,S,11:32,8.29,13.5,11:39,8.12,13.5,11:45,8.02,13.5,11:50,7.98,13.5,11:55,7.94,13.5,12:01,7.91,13.5,12:07,7.83,13.5,0.62,1.471,16,11,,,,,,,,0.011232379,1,S
2,S,15,TP1B13,15,S,11:33,8.38,13.5,11:40,8.19,13.5,11:45,8.13,13.5,11:51,8.06,13.5,11:56,8,13.5,12:01,7.95,13.5,12:07,7.91,13.5,0.93,2.1981,18,13,,,,,,,,0.042309581,1,S
2,S,16,TP1B14,15,S,11:33,8.36,13.5,11:40,8.12,13.5,11:46,8.03,13.5,11:51,7.94,13.5,11:56,7.89,13.5,12:01,7.84,13.5,12:07,7.75,13.5,0.7648,1.9406,19,12,,,,,,,,0.062380337,1,S
2,S,17,TP1B15,15,S,11:33,8.44,13.5,11:40,8.24,13.5,11:46,8.14,13.5,11:52,8.02,13.5,11:57,7.97,13.5,12:02,7.88,13.5,12:08,7.83,13.5,0.7666,2.006,19,13,,,,,,,,0.134794618,1,S
2,S,2,TP1B16,16,S,13:26,8.41,13.6,13:31,8.25,13.6,13:36,8.16,13.6,13:42,8.08,13.6,13:47,8.03,13.6,13:51,7.99,13.6,13:56,7.94,13.6,0.5864,1.4435,17,10,,,,,,,,0.011299207,1,S
2,S,3,TP1B17,16,S,13:26,8.39,13.6,13:31,8.21,13.6,13:36,8.1,13.6,13:42,8.04,13.6,13:47,7.96,13.6,13:52,7.91,13.6,13:56,7.88,13.6,0.9757,2.3984,18,13,,,,,,,,0.018155503,1,S
2,S,4,TP1B18,16,S,13:26,8.35,13.6,13:31,8.21,13.6,13:37,8.07,13.6,13:42,7.95,13.6,13:47,7.9,13.6,13:52,7.82,13.6,13:56,7.77,13.6,1.0735,2.7689,20,14,,,,,,,,0.036275443,1,S
2,S,5,TP1B19,16,S,13:27,8.48,13.6,13:32,8.27,13.6,13:37,8.1,13.6,13:43,7.96,13.6,13:47,7.91,13.6,13:52,7.82,13.6,13:56,7.76,13.6,0.9363,2.2716,19,13,,,,,,,,0.094934828,1,S
2,S,6,TP1B20,16,S,13:27,8.47,13.6,13:32,8.32,13.6,13:37,8.21,13.6,13:43,8.11,13.6,13:48,8.06,13.6,13:52,7.99,13.6,13:56,7.94,13.6,0.6332,1.7869,20,11,,,,,,,,0.00417265,1,S
2,S,7,TP1C21,16,S,13:27,8.41,13.6,13:32,8.2,13.6,13:37,8.06,13.6,13:43,7.96,13.6,13:48,7.87,13.6,13:53,7.82,13.6,13:57,7.74,13.6,0.5661,1.3567,17,10.5,,,,,,,,0.078091718,1,S
2,S,8,TP1C22,16,S,13:27,8.43,13.6,13:32,8.23,13.6,13:38,8.06,13.6,13:43,7.92,13.6,13:48,7.79,13.6,13:53,7.75,13.6,13:57,7.66,13.6,0.8349,2.0212,18,12,,,,,,,,0.078204802,1,S
2,S,9,TP1C23,16,S,13:28,8.41,13.6,13:33,8.26,13.6,13:38,8.12,13.6,13:44,8.01,13.6,13:49,7.95,13.6,13:53,7.9,13.6,13:57,7.83,13.6,0.6434,1.625,18.5,11,,,,,,,,0.019985888,1,S
2,S,10,TP1C24,16,S,13:28,8.48,13.6,13:33,8.28,13.6,13:38,8.12,13.6,13:44,7.99,13.6,13:49,7.93,13.6,13:53,7.89,13.6,13:57,7.82,13.6,1.0189,2.5246,19,14,,,,,,,,0.094735791,1,S
2,S,12,TP1C25,16,S,13:29,8.6,13.6,13:34,8.4,13.6,13:39,8.24,13.6,13:44,8.13,13.6,13:49,8.05,13.6,13:54,8,13.6,13:58,7.96,13.6,0.5953,1.541,17.5,11,,,,,,,,0.040740425,1,S
2,S,13,TP1C26,16,S,13:29,8.52,13.6,13:34,8.32,13.6,13:39,8.13,13.6,13:45,8.04,13.6,13:49,7.92,13.6,13:54,7.87,13.6,13:58,7.77,13.6,0.802,2.0387,18.5,13,,,,,,,,0.086422684,1,S
2,S,14,TP1C27,16,S,13:29,8.55,13.6,13:34,8.34,13.6,13:40,8.18,13.6,13:45,8.07,13.6,13:50,7.97,13.6,13:54,7.9,13.6,13:58,7.85,13.6,1.0429,2.6853,19,12.5,,,,,,,,0.026648359,1,S
2,S,15,TP1C28,16,S,13:29,8.56,13.6,13:35,8.35,13.6,13:40,8.16,13.6,13:45,8.05,13.6,13:50,7.92,13.6,13:54,7.86,13.6,13:59,7.75,13.6,0.6469,1.7939,18,12,,,,,,,,0.035421926,1,S
2,S,16,TP1C29,16,S,13:30,8.62,13.6,13:35,8.46,13.6,13:40,8.28,13.6,13:45,8.19,13.6,13:50,8.07,13.6,13:55,8.04,13.6,13:59,7.97,13.6,0.5622,1.4361,17,11,,,,,,,,0.031942988,1,S
2,S,17,TP1C30,16,S,13:30,8.71,13.6,13:35,8.49,13.6,13:41,8.35,13.6,13:46,8.22,13.6,13:50,8.18,13.6,13:55,8.15,13.6,13:59,8.1,13.6,0.6002,1.4571,18,11,,,,,,,,0.009664781,1,S
2,S,2,TP2A01,23,S,11:01,7.08,12.9,11:06,7.01,13,11:10,6.98,13.1,11:14,6.96,13.1,11:19,6.94,13.1,11:23,6.91,13.1,11:27,6.88,13.1,0.9182,2.2465,20,13,,,,,,,,-0.008382979,2,S
2,S,3,TP2A02,23,S,11:01,6.97,12.9,11:06,6.86,13,11:10,6.82,13.1,11:15,6.76,13.1,11:19,6.71,13.1,11:24,6.69,13.1,11:28,6.65,13.1,0.9908,2.4752,20,14,,,,,,,,0.322036456,2,S
2,S,4,TP2A03,23,S,11:02,7.01,12.9,11:06,6.91,13,11:10,6.87,13.1,11:15,6.82,13.1,11:20,6.79,13.1,11:24,6.75,13.1,11:28,6.71,13.1,0.5877,1.5185,18,10,,,,,,,,0.151699789,2,S
2,S,5,TP2A04,23,S,11:02,7.09,12.9,11:06,6.98,13,11:11,6.94,13.1,11:15,6.88,13.1,11:20,6.84,13.1,11:24,6.81,13.1,11:28,6.76,13.1,0.5781,1.4531,17,11,,,,,,,,0.040947907,2,S
2,S,7,TP2A05,23,S,11:02,7.21,13,11:07,7.1,13.1,11:11,7.01,13.1,11:15,6.98,13.1,11:20,6.93,13.1,11:24,6.88,13.1,11:29,6.83,13.1,1.2118,2.9447,20,13,,,,,,,,0.001502469,2,S
2,S,8,TP2A06,23,S,11:03,7.11,13,11:07,7.06,13.1,11:11,6.99,13.1,11:16,6.92,13.1,11:21,6.84,13.1,11:25,6.81,13.1,11:29,6.79,13.1,0.763,1.9117,19,12,,,,,,,,0.151451013,2,S
2,S,9,TP2A07,23,S,11:03,7.11,13,11:07,6.99,13.1,11:11,6.92,13.1,11:16,6.85,13.1,11:21,6.78,13.1,11:25,6.72,13.1,11:29,6.68,13.1,0.7205,1.8436,19,12,,,,,,,,0.020289492,2,S
2,S,10,TP2A08,23,S,11:03,7.14,13,11:08,7.05,13.1,11:12,7.01,13.1,11:16,6.94,13.1,11:21,6.9,13.1,11:25,6.88,13.1,11:29,6.86,13.1,0.4308,1.1212,15,10,,,,,,,,0.035587298,2,S
2,S,12,TP2A09,23,S,11:04,7.29,13,11:08,7.22,13.1,11:12,7.12,13.1,11:17,7.09,13.1,11:22,7.03,13.1,11:25,6.97,13.1,11:30,6.95,13.1,0.6929,1.6447,16.5,12,,,,,,,,0.118997124,2,S
2,S,13,TP2A10,23,S,11:04,7.25,13,11:08,7.16,13.1,11:12,7.09,13.1,11:17,7.09,13.1,11:22,7.01,13.1,11:26,7,13.1,11:30,6.98,13.1,0.5434,1.3128,17,10,,,,,,,,0.051371112,2,S
2,S,14,TP2B11,23,S,11:04,7.39,13,11:08,7.29,13.1,11:13,7.21,13.1,11:17,7.15,13.1,11:22,7.13,13.1,11:26,7.1,13.1,11:30,6.06,13.1,0.5221,1.4037,17,11,,,,,,,,0.022689453,2,S
2,S,15,TP2B12,23,S,11:04,7.41,13,11:09,7.27,13.1,11:13,7.2,13.1,11:18,7.12,13.1,11:22,7.08,13.1,11:26,7.04,13.1,11:31,7.01,13.1,0.7792,1.8467,18,11.5,,,,,,,,0.036443406,2,S
2,S,16,TP2B13,23,S,11:05,7.45,13,11:09,7.33,13.1,11:13,7.22,13.1,11:18,7.13,13.1,11:22,7.07,13.1,11:26,7.02,13.1,11:31,6.97,13.1,1.5612,3.66,21,15,,,,,,,,0.072446665,2,S
2,S,17,TP2B14,23,S,11:05,7.43,13,11:09,7.27,13.1,11:13,7.17,13.1,11:18,7.08,13.1,11:23,7,13.1,11:27,6.92,13.1,11:31,6.8,13.1,1.0987,2.7319,20,14,,,,,,,,0.096038714,2,S
2,S,18,TP2B15,23,S,11:05,7.55,13,11:09,7.42,13.1,11:14,7.35,13.1,11:18,7.3,13.1,11:23,7.26,13.1,11:27,7.22,13.1,11:31,7.2,13.1,0.621,1.5673,18.5,11,,,,,,,,0.048018768,2,S
2,S,1,TP2B16,24,S,11:59,7.21,13.2,12:03,7.17,13.2,12:07,7.13,13.2,12:12,7.11,13.1,12:16,7.06,13.1,12:21,7.05,13.1,12:25,7.03,13.1,0.5312,1.335,17.5,11.5,,,,,,,,0.015182842,2,S
2,S,2,TP2B17,24,S,11:59,7.26,13.1,12:03,7.15,13.2,12:08,7.1,13.2,12:12,7.02,13.1,12:17,6.97,13.1,12:21,6.96,13.1,12:25,6.91,13.1,1.3575,3.2469,20,14,,,,,,,,0.125750577,2,S
2,S,4,TP2B18,24,S,11:59,7.25,13.2,12:04,7.16,13.2,12:08,7.1,13.2,12:13,7.05,13.2,12:17,7.05,13.1,12:21,7.02,13.1,12:26,6.98,13.1,0.4872,1.1929,16,10.5,,,,,,,,0.003630802,2,S
2,S,5,TP2B19,24,S,12:00,7.28,13.2,12:04,7.16,13.2,12:08,7.09,13.2,12:13,7,13.2,12:17,6.97,13.1,12:22,6.94,13.1,12:26,6.88,13.1,0.9375,2.3649,19,14,,,,,,,,0.02475253,3,S
2,S,6,TP2B20,24,S,12:00,7.3,13.2,12:04,7.21,13.2,12:09,7.15,13.2,12:13,7.08,13.1,12:18,7.05,13.1,12:22,7.01,13.1,12:26,6.97,13.1,0.8122,2.0159,18.5,12,,,,,,,,0.015422429,2,S
2,S,7,TP2C21,24,S,12:00,7.41,13.2,12:04,7.3,13.2,12:09,7.16,13.2,12:13,7.11,13.1,12:18,7.02,13.1,12:22,6.96,13.1,12:26,6.9,13.1,1.9638,4.6474,22,16,,,,,,,,0.082425129,2,S
2,S,8,TP2C22,24,S,12:00,7.37,13.2,12:05,7.27,13.2,12:09,7.17,13.2,12:14,7.11,13.2,12:18,7.08,13.1,12:22,7.05,13.1,12:26,7,13.1,1.1676,2.9262,19.5,13,,,,,,,,0.115783701,2,S
2,S,9,TP2C23,24,S,12:01,7.36,13.2,12:05,7.28,13.2,12:09,7.2,13.2,12:14,7.13,13.1,12:18,7.09,13.1,12:22,7.04,13.1,12:27,7,13.1,0.6395,1.5897,18,11.5,,,,,,,,0.016038103,2,S
2,S,10,TP2C24,24,S,12:01,7.35,13.2,12:05,7.26,13.2,12:09,7.2,13.1,12:14,7.13,13.1,12:18,7.11,13.1,12:23,7.06,13.1,12:27,7.03,13.1,0.5313,1.3767,17,10,,,,,,,,0.049570104,2,S
2,S,11,TP2C25,24,S,12:01,7.44,13.2,12:05,7.33,13.2,12:10,7.26,13.1,12:14,7.2,13.1,12:19,7.12,13.1,12:23,7.07,13.1,12:27,7.03,13.1,0.6351,1.541,18,11,,,,,,,,0.149056856,2,S
2,S,13,TP2C26,24,S,12:02,7.51,13.2,12:06,7.41,13.1,12:10,7.33,13.2,12:15,7.29,13.1,12:19,7.23,13.1,12:23,7.22,13.1,12:28,7.2,13.1,0.6316,1.4747,17,11,,,,,,,,-0.009410803,2,S
2,S,14,TP2C27,24,S,12:02,7.57,13.1,12:06,7.42,13.1,12:11,7.29,13.2,12:13,7.19,13.1,12:19,7.12,13.1,12:24,7.07,13.1,12:28,6.98,13.1,0.9832,2.4188,19,14,,,,,,,,0.160432895,4,S
2,S,15,TP2C28,24,S,12:02,7.56,13.1,12:06,7.47,13.2,12:11,7.37,13.1,12:15,7.33,13.1,12:20,7.27,13.1,12:24,7.24,13.1,12:28,7.2,13.1,0.8111,2.0278,18,13,,,,,,,,0.055259931,2,S
2,S,16,TP2C29,24,S,12:02,7.73,13.1,12:06,7.59,13.2,12:11,7.51,13.1,12:16,7.43,13.1,12:20,7.41,13.1,12:24,7.38,13.1,12:28,7.36,13.1,0.6305,1.6087,18,12,,,,,,,,0.047687221,2,S
2,S,18,TP2C30,24,S,12:03,7.74,13.2,12:07,7.58,13.2,12:12,7.43,13.1,12:16,7.38,13.1,12:20,7.29,13.1,12:24,7.21,13.1,12:29,7.19,13.1,1.1276,2.728,19.5,13,,,,,,,,0.056463716,2,S
2,S,1,TP3A01,19,S,10:57,5.54,12.4,11:01,5.48,12.5,11:06,5.42,12.5,11:10,5.4,12.5,11:14,5.37,12.5,11:19,5.34,12.5,11:23,5.32,12.5,0.5424,1.4413,17,11,,,,,,,,0.051190793,2,S
2,S,2,TP3A02,19,S,10:57,5.61,12.4,11:02,5.55,12.5,11:06,5.54,12.5,11:10,5.52,12.5,11:15,5.51,12.5,11:19,5.48,12.5,11:23,5.49,12.5,0.3857,0.9155,16,8,,,,,,,,0.01894678,2,S
2,S,4,TP3A03,19,S,10:57,5.59,12.4,11:02,5.52,12.5,11:06,5.47,12.5,11:11,5.44,12.5,11:15,5.39,12.5,11:20,5.37,12.5,11:24,5.34,12.5,0.7634,2.0257,19,12,,,,,,,,0.044577332,3,S
2,S,5,TP3A04,19,S,10:58,5.65,12.4,11:02,5.59,12.5,11:07,5.54,12.5,11:11,5.49,12.5,11:16,5.47,12.5,11:20,5.42,12.5,11:24,5.4,12.5,0.8181,1.934,18,13,,,,,,,,0.034965694,3,S
2,S,6,TP3A05,19,S,10:58,5.72,12.4,11:03,5.63,12.5,11:07,5.59,12.5,11:11,5.57,12.5,11:16,5.52,12.5,11:20,5.5,12.5,11:25,5.49,12.5,0.5355,1.3173,16,10,,,,,,,,0.025554691,3,S
2,S,7,TP3A06,19,S,10:58,5.72,12.4,11:03,5.64,12.5,11:07,5.61,12.5,11:11,5.55,12.5,11:16,5.51,12.5,11:20,5.46,12.5,11:25,5.44,12.5,0.696,1.6557,18,11,,,,,,,,0.039896366,3,S
2,S,8,TP3A07,19,S,10:58,5.72,12.4,11:03,5.63,12.5,11:07,5.54,12.5,11:12,5.48,12.5,11:16,5.42,12.5,11:21,5.38,12.5,11:25,5.37,12.5,0.8963,2.2731,19,11.5,,,,,,,,0.081605283,3,S
2,S,9,TP3A08,19,S,10:59,5.66,12.4,11:03,5.58,12.5,11:08,5.52,12.5,11:12,5.47,12.5,11:16,5.43,12.5,11:21,5.39,12.5,11:25,5.34,12.5,0.6738,1.591,17.5,11,,,,,,,,0.176095911,3,S
2,S,11,TP3A09,19,S,10:59,5.82,12.5,11:04,5.74,12.5,11:08,5.72,12.5,11:12,5.68,12.5,11:17,5.65,12.5,11:21,5.64,12.5,11:25,5.61,12.5,0.4789,1.1813,16,10,,,,,,,,0.003631455,3,S
2,S,12,TP3A10,19,S,11:00,5.9,12.4,11:04,5.83,12.5,11:08,5.8,12.5,11:12,5.76,12.5,11:17,5.71,12.5,11:22,5.68,12.5,11:26,5.67,12.5,0.6296,1.5701,18,11,,,,,,,,0.004186539,3,S
2,S,13,TP3B11,19,S,11:00,5.87,12.5,11:04,5.7,12.5,11:08,5.63,12.5,11:13,5.55,12.5,11:18,5.49,12.5,11:22,5.42,12.5,11:26,5.37,12.5,1.5692,3.7866,22,15.5,,,,,,,,0.062552556,3,S
2,S,14,TP3B12,19,S,11:00,5.98,12.4,11:05,5.81,12.5,11:09,5.74,12.5,11:13,5.69,12.5,11:18,5.64,12.5,11:22,5.6,12.5,11:26,5.56,12.5,0.6168,1.5292,17,11,,,,,,,,0.042870708,3,S
2,S,16,TP3B13,19,S,11:01,6.07,12.5,11:05,5.92,12.5,11:09,5.86,12.5,11:13,5.79,12.5,11:18,5.73,12.5,11:22,5.7,12.5,11:27,5.66,12.5,0.6318,1.5715,17,11,,,,,,,,0.133540418,3,S
2,S,17,TP3B14,19,S,11:01,6.54,12.5,11:05,6.22,12.5,11:09,6.05,12.5,11:14,5.9,12.5,11:18,5.81,12.5,11:23,5.78,12.5,11:27,5.73,12.5,0.6682,1.731,18,11,,,,,,,,0.067026316,3,S
2,S,18,TP3B15,19,S,11:01,6.12,12.5,11:05,6.03,12.5,11:10,5.99,12.5,11:14,5.97,12.5,11:19,5.94,12.5,11:23,5.92,12.5,11:27,5.91,12.5,0.3969,0.9358,15,10,,,,,,,,0,3,S
2,S,1,TP3B16,20,S,11:39,5.61,12.5,11:43,5.57,12.5,11:48,5.53,12.5,11:53,5.5,12.5,11:58,5.45,12.5,12:03,5.42,12.5,12:08,5.4,12.5,0.8606,2.1328,19,13,,,,,,,,0.008305326,3,S
2,S,3,TP3B17,20,S,11:39,5.64,12.6,11:44,5.56,12.6,11:49,5.49,12.5,11:53,5.48,12.5,11:58,5.44,12.5,12:03,5.41,12.5,12:08,5.36,12.5,0.7944,1.9805,18.5,12,,,,,,,,0.061952214,3,S
2,S,4,TP3B18,20,S,11:40,5.68,12.6,11:44,5.62,12.5,11:49,5.57,12.5,11:54,5.51,12.5,11:59,5.47,12.5,12:04,5.45,12.5,12:08,5.42,12.5,0.6372,1.6086,17,11.5,,,,,,,,0.051882577,3,S
2,S,5,TP3B19,20,S,11:40,5.77,12.6,11:44,5.69,12.5,11:49,5.63,12.5,11:54,5.58,12.5,11:59,5.53,12.5,12:04,5.5,12.5,12:09,5.46,12.5,0.5469,1.3216,16.5,10,,,,,,,,0.122588867,3,S
2,S,6,TP3B20,20,S,11:40,5.79,12.6,11:44,5.66,12.5,11:50,5.62,12.5,11:54,5.53,12.5,11:59,5.51,12.5,12:04,5.46,12.5,12:09,5.42,12.5,0.9833,2.4555,18,13,,,,,,,,0.060330738,3,S
2,S,7,TP3C21,20,S,11:40,5.85,12.6,11:45,5.79,12.5,11:50,5.72,12.5,11:55,5.66,12.5,12:00,5.63,12.5,12:04,5.57,12.5,12:09,5.53,12.5,0.7955,2.1279,19,13,,,,,,,,0.095218291,3,S
2,S,8,TP3C22,20,S,11:40,5.82,12.6,11:45,5.79,12.5,11:50,5.69,12.5,11:55,5.64,12.5,12:00,5.58,12.5,12:05,5.56,12.5,12:09,5.52,12.5,0.4546,1.1671,16,9.5,,,,,,,,0.017042706,3,S
2,S,10,TP3C23,20,S,11:41,5.85,12.6,11:45,5.81,12.5,11:50,5.65,12.5,11:55,5.66,12.5,12:00,5.66,12.5,12:05,5.6,12.5,12:10,5.58,12.5,0.736,1.7614,17,12.5,,,,,,,,0.057740292,3,S
2,S,11,TP3C24,20,S,11:41,5.92,12.6,11:46,5.83,12.5,11:51,5.76,12.5,11:56,5.72,12.5,12:01,5.67,12.5,12:05,5.64,12.5,12:10,5.57,12.5,0.8583,2.0849,18,11.5,,,,,,,,0.009605532,3,S
2,S,12,TP3C25,20,S,11:41,5.91,12.6,11:46,5.84,12.5,11:51,5.77,12.5,11:56,5.67,12.5,12:01,5.64,12.5,12:06,5.57,12.5,12:10,5.52,12.5,0.819,2.0499,18,12,,,,,,,,0.063672892,3,S
2,S,13,TP3C26,20,S,11:42,5.98,12.6,11:46,5.85,12.5,11:51,5.76,12.5,11:56,5.68,12.5,12:01,5.63,12.5,12:06,5.59,12.5,12:11,5.53,12.5,0.5335,1.3219,16,11,,,,,,,,0.133806684,3,S
2,S,14,TP3C27,20,S,11:42,6.16,12.6,11:46,5.97,12.5,11:52,5.84,12.5,11:57,5.77,12.5,12:01,5.71,12.5,12:06,5.63,12.5,12:11,5.58,12.5,0.8898,2.2079,19,13,,,,,,,,0.133191402,3,S
2,S,15,TP3C28,20,S,11:42,5.89,12.6,11:48,5.92,12.5,11:52,5.83,12.5,11:57,5.65,12.5,12:02,5.76,12.5,12:06,5.73,12.5,12:11,5.7,12.5,0.4841,1.2054,16,10,,,,,,,,0.281914843,3,S
2,S,16,TP3C29,20,S,11:42,6.12,12.6,11:47,5.91,12.5,11:52,5.82,12.5,11:57,5.68,12.5,12:02,5.61,12.5,12:07,5.51,12.5,12:11,5.4,12.5,1.3826,3.4521,20,15,,,,,,,,0.067520989,3,S
2,S,18,TP3C30,20,S,11:43,6.18,12.6,11:47,6.1,12.5,11:52,6.06,12.5,11:58,6.01,12.5,12:03,6.01,12.5,12:07,5.99,12.5,12:12,5.95,12.5,0.8926,2.1495,18,13,,,,,,,,0.088418605,3,S
2,S,2,TP4A01,21,S,9:28,4.9,12.1,9:33,4.89,11.8,9:37,4.84,11.7,9:42,4.77,11.7,9:46,4.7,11.7,9:51,4.66,11.7,9:55,4.63,11.7,0.8103,2.0671,18,12.5,,,,,,,,0.090893822,3,S
2,S,3,TP4A02,21,S,9:28,4.88,12,9:33,4.83,11.7,9:38,4.78,11.7,9:42,4.74,11.7,9:47,4.7,11.7,9:51,4.65,11.7,9:55,4.65,11.7,0.638,1.6313,17,12,,,,,,,,0.09976265,4,S
2,S,4,TP4A03,21,S,9:28,4.93,12,9:34,4.89,11.8,9:38,4.85,11.7,9:42,4.78,11.7,9:47,4.74,11.7,9:51,4.7,11.7,9:55,4.69,11.7,0.5493,1.31,16.5,10,,,,,,,,0.026906552,4,S
2,S,5,TP4A04,21,S,9:29,4.94,12.1,9:34,4.9,11.7,9:38,4.8,11.7,9:42,4.74,11.7,9:47,4.67,11.7,9:51,4.61,11.7,9:55,4.59,11.7,0.736,1.8752,17,12,,,,,,,,0.040435829,4,S
2,S,6,TP4A05,21,S,9:29,4.96,12,9:34,4.93,11.7,9:38,4.86,11.7,9:43,4.79,11.7,9:47,4.75,11.7,9:52,4.68,11.7,9:55,4.63,11.7,0.8914,2.2775,19,12,,,,,,,,0.01164904,4,S
2,S,7,TP4A06,21,S,9:29,4.5,12,9:34,5.06,11.7,9:39,4.98,11.7,9:43,4.95,11.7,9:47,4.91,11.7,9:52,4.88,11.7,9:56,4.86,11.7,0.8121,2.0842,18.5,12,,,,,,,,0.050805009,4,S
2,S,9,TP4A07,21,S,9:30,4.96,12,9:35,4.93,11.7,9:39,4.85,11.7,9:43,4.8,11.7,9:48,4.74,11.7,9:52,4.72,11.7,9:56,4.67,11.7,0.5188,1.2553,16,11,,,,,,,,0.021576449,4,S
2,S,10,TP4A08,21,S,9:30,4.95,12,9:35,4.92,11.7,9:39,4.82,11.7,9:44,4.77,11.7,9:48,4.73,11.7,9:52,4.69,11.7,9:56,4.66,11.7,0.7171,1.9155,19,11.5,,,,,,,,0.007550672,4,S
2,S,11,TP4A09,21,S,9:30,5.03,12,9:35,5.03,11.7,9:39,4.91,11.7,9:44,4.83,11.7,9:48,4.77,11.7,9:53,4.73,11.7,9:57,4.69,11.7,0.7969,1.9675,19,12,,,,,,,,0.094687637,4,S
2,S,12,TP4A10,21,S,9:30,5.13,12,9:36,5.12,11.7,9:40,5.01,11.7,9:44,4.97,11.7,9:49,4.91,11.7,9:53,4.9,11.7,9:57,4.87,11.7,0.6181,1.5188,17,11,,,,,,,,0.016162678,4,S
2,S,13,TP4B11,21,S,9:31,5.16,12,9:36,5.16,11.7,9:40,5.11,11.7,9:44,5.06,11.7,9:49,5.03,11.7,9:53,5.01,11.7,9:57,5,11.7,1.2952,3.3033,22,14,,,,,,,,0.003460662,4,S
2,S,14,TP4B12,21,S,9:31,5.23,12,9:36,5.22,11.7,9:40,5.18,11.7,9:45,5.15,11.7,9:49,5.13,11.7,9:53,5.13,11.7,9:57,5.14,11.7,0.4239,1.0629,15,10,,,,,,,,0.051637807,4,S
2,S,16,TP4B13,21,S,9:31,5.32,12,9:36,5.29,11.7,9:41,5.22,11.7,9:45,5.17,11.7,9:50,5.14,11.7,9:54,5.12,11.7,9:58,5.12,11.7,0.4065,0.9194,15,9.5,,,,,,,,0.006156958,4,S
2,S,17,TP4B14,21,S,9:32,5.22,12,9:37,5.17,11.7,9:41,5.11,11.7,9:45,5.08,11.7,9:50,5.03,11.7,9:54,5,11.7,9:58,4.98,11.7,0.5006,1.1851,16,10,,,,,,,,0.047293946,4,S
2,S,18,TP4B15,21,S,9:32,5.34,12,9:37,5.33,11.7,9:41,5.24,11.7,9:46,5.19,11.7,9:50,5.15,11.7,9:54,5.11,11.7,9:58,5.09,11.7,0.6296,1.6191,19,11.5,,,,,,,,0.014638301,4,S
2,S,1,TP4B16,22,S,10:16,4.96,11.7,10:20,4.92,11.7,10:24,4.88,11.7,10:28,4.84,11.7,10:33,4.81,11.7,10:37,4.8,11.7,10:41,4.77,11.7,0.5333,1.2644,17,10.5,,,,,,,,0.037542716,4,S
2,S,2,TP4B17,22,S,10:16,5.04,11.7,10:20,5.01,11.7,10:24,4.99,11.7,10:29,4.96,11.7,10:33,4.93,11.7,10:38,4.89,11.7,10:41,4.89,11.7,0.8584,2.2227,19,13,,,,,,,,0.06351597,4,S
2,S,4,TP4B18,22,S,10:16,4.97,11.7,10:20,4.9,11.7,10:25,4.84,11.7,10:29,4.77,11.7,10:34,4.7,11.7,10:38,4.67,11.7,10:42,4.63,11.7,0.442,1.1342,16,10,,,,,,,,0.057167249,4,S
2,S,5,TP4B19,22,S,10:17,5.09,11.7,10:21,5.09,11.7,10:25,4.99,11.7,10:29,4.93,11.7,10:34,4.88,11.7,10:38,4.87,11.7,10:42,4.84,11.7,0.5119,1.2713,12.5,10.5,,,,,,,,0.040741294,4,S
2,S,6,TP4B20,22,S,10:17,5.18,11.7,10:21,5.04,11.7,10:25,5,11.7,10:30,4.97,11.7,10:34,4.94,11.7,10:39,4.93,11.7,10:42,4.93,11.7,0.4897,1.2644,17,10,,,,,,,,0.044759704,4,S
2,S,8,TP4C21,22,S,10:17,5.11,11.7,10:21,5.05,11.7,10:26,4.98,11.7,10:30,4.93,11.7,10:35,4.89,11.7,10:39,4.86,11.7,10:43,4.85,11.7,0.5823,1.4392,16,10,,,,,,,,0.080850871,4,S
2,S,9,TP4C22,22,S,10:17,5.03,11.7,10:22,4.99,11.7,10:26,4.92,11.7,10:30,4.85,11.7,10:35,4.8,11.7,10:39,4.76,11.7,10:43,4.74,11.7,1.0063,2.5327,19,13.5,,,,,,,,0.157936749,4,S
2,S,10,TP4C23,22,S,10:18,5.06,11.7,10:22,5.01,11.7,10:26,4.96,11.7,10:31,4.92,11.7,10:35,4.9,11.7,10:39,4.83,11.7,10:43,4.8,11.7,0.7033,1.7572,18,12,,,,,,,,0.198395432,4,S
2,S,11,TP4C24,22,S,10:18,5.19,11.7,10:22,5.13,11.7,10:26,5.07,11.7,10:31,5.04,11.7,10:35,5,11.7,10:40,4.99,11.7,10:43,4.96,11.7,0.5798,1.4973,16,11,,,,,,,,0.020787472,4,S
2,S,12,TP4C25,22,S,10:18,5.28,11.7,10:22,5.19,11.7,10:26,5.11,11.7,10:31,5.04,11.7,10:36,4.99,11.7,10:40,4.92,11.7,10:44,4.89,11.7,1.1595,2.7865,20,12,,,,,,,,0.07336461,4,S
2,S,13,TP4C26,22,S,10:18,5.36,11.7,10:23,5.3,11.7,10:27,5.36,11.7,10:31,5.31,11.7,10:36,5.14,11.7,10:40,5.13,11.7,10:44,5.11,11.7,0.5004,1.2254,16,10,,,,,,,,0,4,S
2,S,14,TP4C27,22,S,10:19,5.38,11.7,10:23,5.3,11.7,10:27,5.27,11.7,10:31,5.22,11.7,10:36,5.17,11.7,10:40,5.15,11.7,10:44,5.11,11.7,0.7196,1.7915,17,12,,,,,,,,0.070764348,4,S
2,S,15,TP4C28,22,S,10:19,5.34,11.7,10:23,5.24,11.7,10:27,5.2,11.7,10:32,5.13,11.7,10:36,5.1,11.7,10:40,5.07,11.7,10:44,5.02,11.7,0.6724,1.7578,17.5,12,,,,,,,,0.156829738,4,S
2,S,17,TP4C29,22,S,10:19,5.51,11.7,10:24,5.36,11.7,10:28,5.3,11.7,10:32,5.25,11.7,10:37,5.18,11.7,10:41,5.15,11.7,10:45,5.12,11.7,0.5675,1.5004,17.5,11,,,,,,,,0.053071778,4,S
2,S,18,TP4C30,22,S,10:20,5.48,11.7,10:24,5.4,11.7,10:28,5.3,11.7,10:32,5.23,11.7,10:37,5.17,11.7,10:41,5.11,11.7,10:45,5.05,11.7,0.5562,1.446,17,11,,,,,,,,0.045425037,4,S
2,S,2,TP5A01,13,S,9:49,4.62,11.8,9:53,4.61,11.8,9:58,4.58,11.8,10:03,4.59,11.8,10:09,4.59,11.8,10:14,4.59,11.8,10:21,4.59,11.8,0.5501,1.3239,17,10,,,,,,,,0.075474624,5,S
2,S,3,TP5A02,13,S,9:49,4.58,11.8,9:54,4.47,11.8,9:58,4.42,11.8,10:03,4.37,11.8,10:10,4.36,11.8,10:15,4.27,11.8,10:21,4.25,11.8,0.5369,1.3289,17,10,,,,,,,,0.287347734,5,S
2,S,4,TP5A03,13,S,9:49,4.52,11.8,9:54,4.45,11.8,9:58,4.38,11.8,10:03,4.35,11.8,10:10,4.31,11.8,10:15,4.29,11.8,10:21,4.25,11.8,0.5965,1.566,18,10.5,,,,,,,,0.034230327,5,S
2,S,6,TP5A04,13,S,9:49,4.67,11.8,9:54,4.62,11.8,9:59,4.53,11.8,10:04,4.44,11.8,10:10,4.39,11.8,10:16,4.34,11.8,10:22,4.3,11.8,0.7265,1.8299,19,11.5,,,,,,,,0.271112961,5,S
2,S,7,TP5A05,13,S,9:50,4.6,11.8,9:54,4.57,11.8,9:59,4.53,11.8,10:04,4.5,11.8,10:11,4.44,11.8,10:17,4.44,11.8,10:22,4.42,11.8,0.6244,1.6675,18,11,,,,,,,,0.041593183,5,S
2,S,8,TP5A06,13,S,9:50,4.6,11.8,9:55,4.53,11.8,9:59,4.47,11.8,10:05,4.43,11.8,10:11,4.4,11.8,10:16,4.38,11.8,10:22,4.34,11.8,0.6751,1.6643,17,12,,,,,,,,0.081282406,5,S
2,S,9,TP5A07,13,S,9:50,4.51,11.8,9:55,4.45,11.8,10:00,4.41,11.8,10:05,4.35,11.8,10:11,4.31,11.8,10:17,4.27,11.8,10:23,4.23,11.8,0.6738,1.7063,17,11,,,,,,,,0.035970126,5,S
2,S,10,TP5A08,13,S,9:51,4.7,11.8,9:55,4.64,11.8,10:00,4.57,11.8,10:05,4.53,11.8,10:12,4.49,11.8,10:17,4.44,11.8,10:23,4.42,11.8,0.6445,1.665,18,12,,,,,,,,0.14402545,5,S
2,S,11,TP5A09,13,S,9:51,4.6,11.8,9:55,4.49,11.8,10:00,4.43,11.8,10:05,4.35,11.8,10:12,4.29,11.8,10:17,4.26,11.8,10:23,4.21,11.8,0.7912,1.8768,17,13,,,,,,,,0.072545578,5,S
2,S,12,TP5A10,13,S,9:51,4.65,11.8,9:56,4.6,11.8,10:00,4.55,11.8,10:06,4.51,11.8,10:12,4.45,11.8,10:18,4.4,11.8,10:23,4.37,11.8,0.6209,1.5427,17,11.5,,,,,,,,0.121945506,5,S
2,S,13,TP5B11,13,S,9:51,4.76,11.8,9:56,4.68,11.8,10:01,4.62,11.8,10:06,4.61,11.8,10:12,4.54,11.8,10:18,4.54,11.8,10:24,4.52,11.8,0.5135,1.2378,16.5,10,,,,,,,,0.003889392,5,S
2,S,14,TP5B12,13,S,9:52,4.72,11.8,9:56,4.61,11.8,10:01,4.54,11.8,10:06,4.49,11.8,10:13,4.42,11.8,10:18,4.38,11.8,10:24,4.31,11.8,0.6347,1.635,17,12,,,,,,,,0.180499088,5,S
2,S,16,TP5B13,13,S,9:52,5.9,11.8,9:57,5.46,11.8,10:01,5.19,11.8,10:08,5.17,11.8,10:13,5.01,11.8,10:19,5,11.8,10:24,4.77,11.8,0.8114,2.0486,18,12.5,,,,,,,,0.050944628,5,S
2,S,17,TP5B14,13,S,9:53,4.85,11.8,9:57,4.78,11.8,10:02,4.76,11.8,10:08,4.7,11.8,10:14,4.69,11.8,10:20,4.65,11.8,10:25,4.64,11.8,0.5998,1.4645,18,11,,,,,,,,0.070381212,5,S
2,S,18,TP5B15,13,S,9:53,5.02,11.8,9:57,4.79,11.8,10:02,4.73,11.8,10:09,4.66,11.8,10:14,4.61,11.8,10:20,4.54,11.8,10:25,4.51,11.8,0.522,1.3392,17,10,,,,,,,,0.023905855,5,S
2,S,1,TP5B16,14,S,10:36,4.6,11.8,10:41,4.55,11.8,10:47,4.53,11.8,10:54,4.5,11.8,10:59,4.48,11.8,11:05,4.46,11.8,11:09,4.45,11.8,0.3054,0.756,13,9,,,,,,,,0.041445772,5,S
2,S,2,TP5B17,14,S,10:36,4.71,11.8,10:42,4.59,11.8,10:47,4.56,11.8,10:54,4.52,11.8,11:00,4.47,11.8,11:05,4.45,11.8,11:10,4.44,11.8,0.4775,1.2585,16,10,,,,,,,,0.119513338,5,S
2,S,3,TP5B18,14,S,10:36,4.65,11.8,10:42,4.59,11.8,10:48,4.57,11.8,10:54,4.54,11.8,11:00,4.52,11.8,11:05,4.51,11.8,11:10,4.49,11.8,0.4732,1.1875,16,10,,,,,,,,0,5,S
2,S,4,TP5B19,14,S,10:37,4.94,11.8,10:42,4.79,11.8,10:48,4.8,11.8,10:55,4.81,11.8,11:00,4.8,11.8,11:05,4.78,11.8,11:10,4.77,11.8,0.8489,2.0514,18,13,,,,,,,,0.074448886,5,S
2,S,6,TP5B20,14,S,10:37,4.8,11.8,10:43,4.73,11.8,10:49,4.7,11.8,10:56,4.68,11.8,11:01,4.72,11.8,11:06,4.7,11.8,11:11,4.66,11.8,0.9465,2.3322,19,13,,,,,,,,0.012774466,5,S
2,S,7,TP5C21,14,S,10:37,4.75,11.8,10:43,4.58,11.8,10:50,4.56,11.8,10:56,4.44,11.8,11:01,4.39,11.8,11:06,4.33,11.8,11:11,4.31,11.8,0.7058,1.9785,18,12,,,,,,,,0.097706129,5,S
2,S,8,TP5C22,14,S,10:38,4.69,11.8,10:43,4.6,11.8,10:50,4.57,11.8,10:56,4.56,11.8,11:01,4.55,11.8,11:07,4.54,11.8,11:11,4.59,11.8,0.5068,1.3441,16,10.5,,,,,,,,0.09853024,5,S
2,S,9,TP5C23,14,S,10:38,4.79,11.8,10:44,4.64,11.8,10:50,4.53,11.8,10:57,4.49,11.8,11:02,4.45,11.8,11:07,4.4,11.8,11:12,4.37,11.8,0.7526,2.0414,18,12,,,,,,,,0.034952152,5,S
2,S,10,TP5C24,14,S,10:38,4.78,11.8,10:44,4.66,11.8,10:51,4.62,11.8,10:58,4.58,11.8,11:02,4.56,11.8,11:07,4.53,11.8,11:12,4.51,11.8,0.9178,2.2288,19,13,,,,,,,,0.004208679,5,S
2,S,11,TP5C25,14,S,10:39,4.7,11.8,10:44,4.62,11.8,10:51,4.56,11.8,10:57,4.5,11.8,11:02,4.47,11.8,11:07,4.43,11.8,11:12,4.39,11.8,0.5276,1.4102,17,11,,,,,,,,0.078749657,5,S
2,S,13,TP5C26,14,S,10:39,4.91,11.8,10:45,4.78,11.8,10:51,4.71,11.8,10:58,4.66,11.8,11:03,4.62,11.8,11:08,4.59,11.8,11:13,4.55,11.8,0.62,1.5808,17,11,,,,,,,,0.015821531,5,S
2,S,14,TP5C27,14,S,10:39,5,11.8,10:45,4.76,11.8,10:52,4.64,11.8,10:58,4.55,11.8,11:03,4.51,11.8,11:08,4.45,11.8,11:13,4.42,11.8,0.6264,1.5647,17,11.5,,,,,,,,0.211561595,5,S
2,S,15,TP5C28,14,S,10:40,4.91,11.8,10:45,4.75,11.8,10:52,4.65,11.8,10:58,4.59,11.8,11:03,4.55,11.8,11:08,4.48,11.8,11:13,4.45,11.8,0.5732,1.4781,18,10,,,,,,,,0.199312782,5,S
2,S,16,TP5C29,14,S,10:40,5.15,11.8,10:46,4.91,11.8,10:53,4.85,11.8,10:58,4.83,11.8,11:04,4.81,11.8,11:09,4.79,11.8,11:13,4.78,11.8,0.5563,1.3792,16,10.5,,,,,,,,0.003002115,5,S
2,S,18,TP5C30,14,S,10:41,4.96,11.8,10:47,4.88,11.8,10:53,4.8,11.8,10:59,4.76,11.8,11:04,4.73,11.8,11:09,4.69,11.8,11:14,4.68,11.8,0.4292,1.1789,16,10,,,,,,,,0.118775986,5,S
2,S,1,TP6A01,17,S,9:30,3.96,11.3,9:34,3.91,11.4,9:39,3.88,11.2,9:44,3.83,11.2,9:49,3.78,11.2,9:53,3.73,11.2,9:57,3.7,11.2,0.6562,1.7145,19,11,,,,,,,,0.063510376,6,S
2,S,2,TP6A02,17,S,9:30,3.9,11.3,9:34,3.93,11.4,9:39,3.8,11.2,9:44,3.76,11.2,9:49,3.72,11.2,9:53,3.68,11.2,9:57,3.64,11.2,1.1074,2.674,19,13,,,,,,,,0.05101857,6,S
2,S,4,TP6A03,17,S,9:30,4.03,11.3,9:35,3.95,11.4,9:40,3.95,11.1,9:45,3.8,11.2,9:49,3.85,11.2,9:54,3.82,11.2,10:02,3.74,11.2,0.7104,1.7495,19,12,,,,,,,,0.048745589,6,S
2,S,5,TP6A04,17,S,9:30,3.96,11.3,9:35,3.9,11.3,9:40,3.87,11.1,9:45,3.83,11.2,9:49,3.78,11.2,9:54,3.73,11.2,9:58,3.7,11.2,0.9856,2.5984,19,13.5,,,,,,,,0.102015636,6,S
2,S,6,TP6A05,17,S,9:31,3.97,11.3,9:35,3.92,11.4,9:40,3.92,11.2,9:45,3.89,11.2,9:50,3.88,11.2,9:54,3.89,11.2,10:02,3.88,11.2,0.6816,1.7489,18,12,,,,,,,,0.087742188,6,S
2,S,7,TP6A06,17,S,9:31,3.96,11.3,9:35,3.9,11.4,9:41,3.87,11.2,9:45,3.82,11.2,9:50,3.78,11.2,9:54,3.77,11.2,9:59,3.71,11.2,1.1061,2.8022,20,14,,,,,,,,0.034032846,6,S
2,S,8,TP6A07,17,S,9:31,4.07,11.3,9:35,4.02,11.4,9:41,4.02,11.2,9:46,4.01,11.2,9:50,4,11.2,9:55,3.99,11.2,9:59,3.98,11.2,0.4084,0.9989,15,10,,,,,,,,0.008774467,6,S
2,S,9,TP6A08,17,S,9:31,4.07,11.3,9:36,4.01,11.4,9:41,4.01,11.2,9:46,3.99,11.2,9:51,3.98,11.2,9:55,3.96,11.2,9:59,3.94,11.2,0.7189,1.8332,18,13,,,,,,,,0.002222617,6,S
2,S,10,TP6A09,17,S,9:32,4.1,11.3,9:36,3.92,11.3,9:42,3.84,11.2,9:46,3.79,11.2,9:51,3.72,11.2,9:55,3.68,11.2,9:59,3.61,11.2,1.1326,2.7777,20,13,,,,,,,,0.069036378,6,S
2,S,11,TP6A10,17,S,9:32,4.1,11.3,9:36,4.04,11.4,9:42,3.97,11.2,9:46,3.94,11.2,9:51,3.9,11.2,9:55,3.88,11.2,10:00,3.84,11.2,0.6571,1.6039,16,11,,,,,,,,0.185455691,6,S
2,S,13,TP6B11,17,S,9:32,4.31,11.3,9:36,4.17,11.4,9:42,4.14,11.2,9:47,4.07,11.2,9:52,4.04,11.2,9:56,4.01,11.2,10:00,3.99,11.2,0.6572,1.5977,17.5,11,,,,,,,,0.048719127,6,S
2,S,14,TP6B12,17,S,9:33,4.35,11.3,9:37,4.25,11.4,9:43,4.21,11.2,9:47,4.19,11.2,9:52,4.18,11.2,9:56,4.17,11.2,10:00,4.16,11.2,0.4736,1.1181,16,9,,,,,,,,0.060642687,6,S
2,S,15,TP6B13,17,S,9:33,4.29,11.3,9:37,4.25,11.4,9:43,4.21,11.2,9:48,4.17,11.2,9:52,4.15,11.2,9:56,4.12,11.2,10:01,4.09,11.2,0.626,1.6993,17,11,,,,,,,,0.032995726,6,S
2,S,16,TP6B14,17,S,9:33,4.51,11.3,9:37,4.38,11.4,9:43,4.28,11.2,9:48,4.25,11.2,9:52,4.21,11.2,9:56,4.2,11.2,10:01,4.18,11.2,0.8031,2.1664,20,12,,,,,,,,0.019644278,6,S
2,S,17,TP6B15,17,S,9:33,4.55,11.3,9:37,4.36,11.3,9:43,4.27,11.2,9:48,4.25,11.2,9:53,4.22,11.2,9:57,4.22,11.2,10:01,4.18,11.2,0.8422,2.0963,19,14,,,,,,,,0.01559509,6,S
2,S,2,TP6B16,18,S,10:15,3.89,11.2,10:20,3.85,11.2,10:25,3.82,11.2,10:29,3.81,11.2,10:33,3.79,11.2,10:37,3.77,11.2,10:42,3.75,11.2,0.5116,1.2801,15.5,11,,,,,,,,0.045696266,6,S
2,S,3,TP6B17,18,S,10:15,3.8,11.2,10:20,3.71,11.2,10:25,3.66,11.2,10:29,3.61,11.2,10:33,3.57,11.2,10:38,3.54,11.2,10:42,3.51,11.2,0.7515,1.9063,18,13,,,,,,,,0.142235465,6,S
2,S,4,TP6B18,18,S,10:15,3.96,11.2,10:20,3.86,11.2,10:25,3.81,11.2,10:29,3.77,11.2,10:34,3.74,11.2,10:38,3.72,11.2,10:42,3.71,11.2,0.4436,1.0701,15,10,,,,,,,,0.065877692,6,S
2,S,5,TP6B19,18,S,10:16,3.98,11.2,10:21,3.93,11.2,10:25,3.92,11.2,10:29,3.91,11.2,10:34,3.9,11.2,10:38,3.9,11.2,10:42,3.88,11.2,0.3211,0.7441,14,9,,,,,,,,0,6,S
2,S,6,TP6B20,18,S,10:16,4,11.2,10:21,3.92,11.2,10:26,3.85,11.2,10:30,3.8,11.2,10:34,3.74,11.2,10:38,3.69,11.2,10:43,3.67,11.2,0.5236,1.3536,17,10,,,,,,,,0.057744939,6,S
2,S,7,TP6C21,18,S,10:16,4.01,11.2,10:21,3.95,11.2,10:26,3.91,11.2,10:30,3.87,11.2,10:34,3.83,11.2,10:38,3.82,11.2,10:43,3.79,11.2,0.6508,1.7253,17,12.5,,,,,,,,0.162457547,6,S
2,S,8,TP6C22,18,S,10:17,4.05,11.2,10:21,4,11.2,10:26,3.99,11.2,10:30,3.97,11.2,10:35,3.96,11.2,10:39,3.97,11.2,10:43,3.97,11.2,1.0722,2.6956,20,14,,,,,,,,0,6,S
2,S,9,TP6C23,18,S,10:17,3.96,11.2,10:21,3.89,11.2,10:26,3.86,11.2,10:30,3.84,11.2,10:35,3.82,11.2,10:39,3.8,11.2,10:43,3.78,11.2,0.5576,1.3845,17,11,,,,,,,,0.088599817,6,S
2,S,10,TP6C24,18,S,10:17,4.09,11.2,10:22,3.96,11.2,10:26,3.91,11.2,10:31,3.86,11.2,10:35,3.82,11.2,10:39,3.8,11.2,10:43,3.78,11.2,0.3899,0.947,15,10,,,,,,,,0.05815668,6,S
2,S,12,TP6C25,18,S,10:18,4.24,11.2,10:22,4.11,11.2,10:27,4.04,11.2,10:31,4.01,11.2,10:35,3.97,11.2,10:40,3.95,11.2,10:44,3.91,11.2,1.1252,2.6587,20,13,,,,,,,,0.028676338,6,S
2,S,13,TP6C26,18,S,10:18,4.15,11.2,10:23,4.07,11.2,10:27,4.05,11.2,10:31,4.04,11.2,10:36,4.03,11.2,10:40,4.03,11.2,10:44,4.02,11.2,0.3426,0.8403,15,9,,,,,,,,0,6,S
2,S,14,TP6C27,18,S,10:18,4.31,11.2,10:23,4.15,11.2,10:27,4.12,11.2,10:32,4.08,11.2,10:36,4.06,11.2,10:40,4.03,11.2,10:44,4,11.2,0.649,1.6235,18,11.5,,,,,,,,0.039345949,6,S
2,S,15,TP6C28,18,S,10:18,4.27,11.2,10:23,4.13,11.2,10:28,4.07,11.2,10:32,4.01,11.2,10:36,3.98,11.2,10:40,3.93,11.2,10:45,3.89,11.2,0.789,1.9085,18,12,,,,,,,,0.062836052,6,S
2,S,17,TP6C29,18,S,10:19,4.35,11.2,10:24,4.2,11.2,10:28,4.14,11.2,10:32,4.12,11.2,10:36,4.05,11.2,10:41,4.03,11.2,10:45,4.01,11.2,0.7413,1.8556,19,11.5,,,,,,,,0.024767122,6,S
2,S,18,TP6C30,18,S,10:19,4.42,11.2,10:24,4.26,11.2,10:28,4.22,11.2,10:33,4.17,11.2,10:37,4.15,11.2,10:41,4.12,11.2,10:45,4.1,11.2,0.7956,1.9139,18,12,,,,,,,,0.015177401,6,S