ID,SH,TRT,TIMEPOINT,DATE,TIME,ID,Temp Insitu,Temp Run,Salinity,pH Ave,TA,DO (MG/L),DO SAT,t(oC) out,P (dbars) out,pH out,fCO2 out (matm),pCO2 out (matm),HCO3 out (mmol/kgSW),CO3 out (mmol/kgSW),CO2 out (mmol/kgSW),B Alk out (mmol/kgSW),OH out (mmol/kgSW),P Alk out (mmol/kgSW),Si Alk out (mmol/kgSW) ,Revelle out,WCa out,WAr out,xCO2 out (dry at 1 atm) (ppm)
1A,S,1,1,9/15/19,13:05,1A_190915,12.2,25.1,34.58,7.64,2240.48,7.45,86.2,12.2,0,7.822,692.8,695.4,2018.5,88.9,28.4,43,1.2,0,0,15.537,2.12,1.35,705.1
1B,S,1,1,9/15/19,13:06,1B_190915,12.1,25.2,34.58,7.64,2241,6.87,79.9,12.1,0,7.821,693.2,695.8,2019.8,88.6,28.5,42.9,1.2,0,0,15.57,2.11,1.35,705.4
1C,S,1,1,9/15/19,13:07,1C_190915,12.2,25.2,34.58,7.65,2241.9,7.07,82,12.2,0,7.831,676.7,679.3,2015.4,90.7,27.7,43.9,1.2,0,0,15.398,2.17,1.38,688.7
2A,S,2,1,9/15/19,13:08,2A_190915,12,25.1,34.58,7.53,2240.52,6.64,76.8,12,0,7.712,912.3,915.8,2065.6,70,37.6,34,0.9,0,0,17.065,1.67,1.07,928.4
2B,S,2,1,9/15/19,13:09,2B_190915,12,25.4,34.58,7.54,2240.36,6.67,77,12,0,7.722,888.6,892,2061.4,71.6,36.6,34.8,0.9,0,0,16.942,1.71,1.09,904.2
2C,S,2,1,9/15/19,13:10,2C_190915,12.1,25.2,34.58,7.55,2241.15,6.69,77.3,12.1,0,7.735,860.4,863.6,2056.4,74,35.4,35.9,1,0,0,16.756,1.77,1.13,875.6
3A,S,3,1,9/15/19,13:11,3A_190915,11.7,25.3,34.58,7.47,2241.88,6.09,70,11.7,0,7.654,1050.9,1054.9,2088.7,61.3,43.7,29.9,0.8,0,0,17.704,1.46,0.93,1069.1
3B,S,3,1,9/15/19,13:13,3B_190915,11.7,25.1,34.58,7.48,2242.3,6.04,69.2,11.7,0,7.658,1040.1,1044,2087.7,61.9,43.3,30.1,0.8,0,0,17.669,1.48,0.94,1058.1
3C,S,3,1,9/15/19,13:13,3C_190915,11.7,25.2,34.58,7.47,2242.07,6.11,70.4,11.7,0,7.651,1058.5,1062.5,2089.8,60.9,44.1,29.7,0.8,0,0,17.728,1.46,0.93,1076.8
4A,S,4,1,9/15/19,13:14,4A_190915,11.5,25.2,34.58,7.39,2240.9,5.69,65.1,11.5,0,7.568,1295.6,1300.5,2114.6,50.5,54.3,24.7,0.6,0,0,18.192,1.21,0.77,1317.8
4B,S,4,1,9/15/19,13:15,4B_190915,11.5,25,34.58,7.39,2241.61,5.74,65.8,11.5,0,7.566,1301.6,1306.6,2115.8,50.3,54.5,24.6,0.6,0,0,18.197,1.2,0.77,1324
4C,S,4,1,9/15/19,13:16,4C_190915,11.6,24.9,34.58,7.4,2242.17,5.57,63.6,11.6,0,7.568,1296.3,1301.2,2115.3,50.7,54.1,24.8,0.6,0,0,18.181,1.21,0.77,1318.6
5A,S,5,1,9/15/19,13:17,5A_190915,11.4,25.3,34.58,7.36,2241.64,5.5,63,11.4,0,7.532,1413.6,1419,2125.3,46.5,59.4,22.8,0.6,0,0,18.23,1.11,0.71,1437.8
5B,S,5,1,9/15/19,13:18,5B_190915,11.3,25.2,34.58,7.34,2241.64,5.36,61,11.3,0,7.514,1475.8,1481.4,2130.2,44.6,62.2,21.8,0.5,0,0,18.211,1.06,0.68,1500.9
5C,S,5,1,9/15/19,13:19,5C_190915,11.4,25,34.58,7.35,2240.71,5.43,62.1,11.4,0,7.527,1430.8,1436.2,2125.7,46,60.1,22.5,0.6,0,0,18.224,1.1,0.7,1455.2
6A,S,6,1,9/15/19,13:20,6A_190915,11.4,25,34.58,7.35,2242.45,5.22,59.4,11.4,0,7.517,1466.3,1471.9,2129.8,45,61.6,22,0.5,0,0,18.211,1.08,0.69,1491.3
6B,S,6,1,9/15/19,13:21,6B_190915,11.4,25,34.58,7.31,2242.52,5.16,58.8,11.4,0,7.481,1599.5,1605.6,2138.4,41.6,67.2,20.4,0.5,0,0,18.092,0.99,0.63,1626.8
6C,S,6,1,9/15/19,13:22,6C_190915,11.4,25.3,34.58,7.31,2241.47,5.23,59.6,11.4,0,7.485,1581.9,1587.9,2136.4,42,66.5,20.6,0.5,0,0,18.111,1,0.64,1608.9
H1,H,H1,1,9/15/19,13:05,H1_190915,12.2,25,34.58,7.65,2242.91,,,12.2,0,7.833,674.5,677,2015.6,91,27.6,44,1.2,0,0,15.378,2.17,1.39,686.5
H2,H,H2,1,9/15/19,13:05,H2_190915,12,25.3,34.58,7.56,2242.93,,,12,0,7.747,835.4,838.5,2054,75.6,34.4,36.7,1,0,0,16.633,1.81,1.15,850
H3,H,H3,1,9/15/19,13:05,H3_190915,11.7,25.3,34.58,7.42,2243.3,,,11.7,0,7.592,1223.4,1228,2109.1,53.7,50.9,26.1,0.7,0,0,18.091,1.28,0.82,1244.6
H4,H,H4,1,9/15/19,13:05,H4_190915,11.5,25.2,34.58,7.39,2243.02,,,11.5,0,7.561,1317.7,1322.7,2118.5,49.8,55.2,24.3,0.6,0,0,18.208,1.19,0.76,1340.3
H5,H,H5,1,9/15/19,13:05,H5_190915,11.4,25,34.58,7.35,2242.73,,,11.4,0,7.526,1433,1438.5,2127.7,46,60.2,22.5,0.6,0,0,18.226,1.1,0.7,1457.5
H6,H,H6,1,9/15/19,13:05,H6_190915,11.4,25.2,34.58,7.27,2242.94,,,11.4,0,7.437,1778.4,1785.1,2148.4,37.8,74.7,18.5,0.5,0,0,17.812,0.9,0.58,1808.7
1A,S,1,2,9/29/19,11:19,1A_190929,11.9,25.4,34.58,7.63,2229.09,7.12,81.8,11.9,0,7.82,691.6,694.2,2011.1,87.2,28.6,42.5,1.1,0,0,15.626,2.08,1.33,703.7
1B,S,1,2,9/29/19,11:20,1B_190929,12,25.1,34.58,7.65,2229.94,7.51,86.7,12,0,7.833,670.1,672.6,2005.2,89.9,27.6,43.8,1.2,0,0,15.411,2.15,1.37,681.9
1C,S,1,2,9/29/19,11:21,1C_190929,12,24.8,34.58,7.64,2228.51,7.38,85.3,12,0,7.823,685.9,688.4,2008.3,88.1,28.3,42.9,1.2,0,0,15.549,2.1,1.34,697.9
2A,S,2,2,9/29/19,11:22,2A_190929,11.6,25.1,34.58,7.56,2232.17,6.69,76.2,11.6,0,7.75,824.8,827.9,2045.6,74.6,34.4,36.5,0.9,0,0,16.685,1.78,1.14,839
2B,S,2,2,9/29/19,11:23,2B_190929,11.6,24.9,34.58,7.57,2233.34,6.66,76,11.6,0,7.759,806.1,809.1,2043,76.1,33.7,37.2,1,0,0,16.564,1.82,1.16,819.9
2C,S,2,2,9/29/19,11:24,2C_190929,11.7,24.9,34.58,7.56,2225.35,6.64,76,11.7,0,7.738,847.5,850.7,2043.3,72.8,35.3,35.7,0.9,0,0,16.798,1.74,1.11,862.1
3A,S,3,2,9/29/19,11:25,3A_190929,11.2,25.1,34.58,7.46,2227.77,5.5,61.6,11.2,0,7.646,1062.4,1066.5,2080.6,58.8,44.9,29,0.7,0,0,17.842,1.4,0.89,1080.4
3B,S,3,2,9/29/19,11:27,3B_190929,11.2,24.9,34.58,7.47,2227.5,5.65,64,11.2,0,7.655,1038.3,1042.3,2077.3,60,43.9,29.5,0.7,0,0,17.77,1.43,0.91,1055.9
3C,S,3,2,9/29/19,11:28,3C_190929,11.2,24.9,34.58,7.46,2227.12,5.76,65.3,11.2,0,7.64,1076.7,1080.8,2081.7,58.1,45.5,28.6,0.7,0,0,17.881,1.39,0.88,1094.9
4A,S,4,2,9/29/19,11:30,4A_190929,10.9,25.1,34.58,7.39,2226.58,4.85,54.6,10.9,0,7.569,1278.4,1283.3,2103.2,49.2,54.6,24.4,0.6,0,0,18.241,1.18,0.75,1299.7
4B,S,4,2,9/29/19,11:31,4B_190929,10.9,24.8,34.58,7.39,2229,4.74,53.2,10.9,0,7.57,1277.5,1282.4,2105.3,49.4,54.6,24.4,0.6,0,0,18.244,1.18,0.75,1298.8
4C,S,4,2,9/29/19,11:32,4C_190929,10.9,24.9,34.58,7.39,2223.36,4.82,54.2,10.9,0,7.567,1285.2,1290.1,2100.9,48.9,54.9,24.2,0.6,0,0,18.241,1.17,0.74,1306.6
5A,S,5,2,9/29/19,11:34,5A_190929,10.8,24.9,34.58,7.35,2226.4,4.72,52.9,10.8,0,7.526,1419.2,1424.6,2114.6,44.6,60.8,22.1,0.5,0,0,18.25,1.07,0.68,1442.7
5B,S,5,2,9/29/19,11:35,5B_190929,10.8,25,34.58,7.35,2229,4.54,51,10.8,0,7.529,1409.8,1415.2,2116.3,45,60.4,22.3,0.5,0,0,18.259,1.07,0.68,1433.2
5C,S,5,2,9/29/19,11:37,5C_190929,10.8,25.1,34.58,7.34,2227.1,4.62,52.1,10.8,0,7.525,1422.8,1428.2,2115.5,44.5,61,22.1,0.5,0,0,18.249,1.06,0.68,1446.4
6A,S,6,2,9/29/19,11:38,6A_190929,10.6,24.8,34.58,7.31,2225.95,4.48,50.2,10.6,0,7.481,1578.9,1584.9,2125.3,40.1,68.1,19.9,0.5,0,0,18.097,0.96,0.61,1604.8
6B,S,6,2,9/29/19,11:39,6B_190929,10.8,25,34.58,7.31,2229.54,4.62,52.1,10.8,0,7.488,1557.1,1563,2126.5,41.1,66.7,20.3,0.5,0,0,18.131,0.98,0.63,1582.9
6C,S,6,2,9/29/19,11:41,6C_190929,10.8,24.9,34.58,7.32,2230.76,4.65,52.3,10.8,0,7.497,1524.2,1530,2125.6,42,65.3,20.8,0.5,0,0,18.172,1,0.64,1549.4
H1,H,H1,2,9/29/19,11:19,H1_190929,12,25,34.58,7.65,2229.69,,,12,0,7.84,658,660.5,2001.7,91.2,27.1,44.4,1.2,0,0,15.303,2.18,1.39,669.6
H2,H,H2,2,9/29/19,11:19,H2_190929,11.6,25,34.58,7.57,2229.6,,,11.6,0,7.759,804.4,807.4,2039.4,76,33.6,37.2,1,0,0,16.556,1.82,1.16,818.2
H3,H,H3,2,9/29/19,11:19,H3_190929,11.2,25.1,34.58,7.48,2228.23,,,11.2,0,7.672,997.9,1001.7,2072.7,62.1,42.2,30.6,0.8,0,0,17.634,1.48,0.94,1014.8
H4,H,H4,2,9/29/19,11:19,H4_190929,10.9,25,34.58,7.39,2230.47,,,10.9,0,7.568,1283.8,1288.7,2107.2,49.2,54.8,24.3,0.6,0,0,18.249,1.17,0.75,1305.1
H5,H,H5,2,9/29/19,11:19,H5_190929,10.8,25.3,34.58,7.35,2229.3,,,10.8,0,7.537,1384.4,1389.7,2114.7,45.7,59.3,22.6,0.5,0,0,18.268,1.09,0.7,1407.3
H6,H,H6,2,9/29/19,11:19,H6_190929,10.8,25.5,34.58,7.31,2228.73,,,10.8,0,7.491,1547.1,1553,2125.2,41.3,66.3,20.5,0.5,0,0,18.142,0.99,0.63,1572.7
1A,S,1,3,10/13/19,11:59,1A_191013,12.4,25.1,34.56,7.61,2235.1,7.23,84.1,12.4,0,7.79,748.4,751.2,2026.2,83.7,30.5,40.5,1.1,0,0,15.934,2,1.28,761.9
1B,S,1,3,10/13/19,12:00,1B_191013,12.4,24.9,34.56,7.62,2235.04,7.26,84.3,12.4,0,7.793,742.8,745.5,2024.8,84.2,30.2,40.8,1.1,0,0,15.891,2.01,1.28,756.1
1C,S,1,3,10/13/19,12:01,1C_191013,12.4,24.9,34.57,7.62,2234.26,7.24,84.1,12.4,0,7.795,738.6,741.4,2023.1,84.5,30.1,41,1.1,0,0,15.858,2.02,1.29,751.9
2A,S,2,3,10/13/19,12:02,2A_191013,11.9,25.1,34.57,7.55,2239.6,6.67,76.8,11.9,0,7.731,868,871.3,2057.9,72.7,35.9,35.3,0.9,0,0,16.857,1.74,1.11,883.2
2B,S,2,3,10/13/19,12:03,2B_191013,11.9,25.2,34.57,7.55,2241.26,6.61,75.9,11.9,0,7.737,856.3,859.5,2057.2,73.7,35.4,35.8,0.9,0,0,16.789,1.76,1.12,871.2
2C,S,2,3,10/13/19,12:04,2C_191013,11.9,24.8,34.57,7.56,2235.92,6.64,76.3,11.9,0,7.738,851.5,854.7,2051.8,73.7,35.2,35.9,0.9,0,0,16.764,1.76,1.12,866.4
3A,S,3,3,10/13/19,12:05,3A_191013,11.2,25,34.57,7.46,2236.97,5.84,66.2,11.2,0,7.639,1085,1089.1,2091.5,58.2,45.9,28.5,0.7,0,0,17.908,1.39,0.88,1103.3
3B,S,3,3,10/13/19,12:06,3B_191013,11,25.1,34.56,7.45,2233.77,5.79,65.5,11,0,7.633,1097.5,1101.7,2091.2,56.9,46.7,28,0.7,0,0,17.979,1.36,0.87,1115.9
3C,S,3,3,10/13/19,12:07,3C_191013,11.2,24.9,34.57,7.46,2235.9,5.76,65.3,11.2,0,7.646,1065.5,1069.6,2088.2,59,45.1,29,0.7,0,0,17.855,1.41,0.9,1083.5
4A,S,4,3,10/13/19,12:08,4A_191013,10.8,25,34.56,7.39,2233.11,5.12,57.3,10.8,0,7.576,1259.8,1264.7,2108.1,49.9,54,24.6,0.6,0,0,18.253,1.19,0.76,1280.7
4B,S,4,3,10/13/19,12:09,4B_191013,10.8,25.2,34.57,7.39,2239.04,5.04,56.6,10.8,0,7.57,1281.5,1286.4,2115.3,49.4,54.9,24.3,0.6,0,0,18.271,1.18,0.75,1302.7
4C,S,4,3,10/13/19,12:10,4C_191013,10.9,25.3,34.57,7.61,2237.14,5.01,56.2,10.9,0,7.818,694.3,697,2026.6,84.1,29.7,41.3,1,0,0,15.939,2.01,1.28,705.9
5A,S,5,3,10/13/19,12:11,5A_191013,10.5,24.7,34.57,7.35,2236.11,4.89,54.6,10.5,0,7.53,1409.2,1414.6,2124.1,44.7,61,22.1,0.5,0,0,18.293,1.07,0.68,1432.2
5B,S,5,3,10/13/19,12:12,5B_191013,10.6,25,34.57,7.33,2236.58,4.78,53.2,10.6,0,7.515,1464.2,1469.8,2128,43.4,63.1,21.4,0.5,0,0,18.251,1.04,0.66,1488.2
5C,S,5,3,10/13/19,12:13,5C_191013,10.7,25.1,34.56,7.28,2236.7,4.76,53.3,10.7,0,7.461,1667.3,1673.7,2139.8,38.7,71.7,19.1,0.4,0,0,17.984,0.92,0.59,1694.8
6A,S,6,3,10/13/19,12:14,6A_191013,10.4,24.8,34.57,7.31,2240.24,4.67,52,10.4,0,7.487,1566,1572,2138.6,40.6,68,20.1,0.5,0,0,18.15,0.97,0.62,1591.4
6B,S,6,3,10/13/19,12:16,6B_191013,10.5,25.1,34.57,7.3,2238.1,4.63,51.7,10.5,0,7.483,1580.7,1586.7,2137.1,40.3,68.4,19.9,0.5,0,0,18.123,0.96,0.61,1606.5
6C,S,6,3,10/13/19,12:17,6C_191013,10.5,24.7,34.57,7.3,2235.46,4.71,52.7,10.5,0,7.477,1600.5,1606.6,2135.8,39.8,69.3,19.7,0.5,0,0,18.088,0.95,0.6,1626.6
H1,H,H1,3,10/13/19,11:59,H1_191013,12.4,25.1,34.57,7.61,2240.04,,,12.39999962,0,7.787,757.2,760,2032.3,83.2,30.8,40.2,1.1,0,0,15.993,1.99,1.27,770.7
H2,H,H2,3,10/13/19,11:59,H2_191013,11.9,25.3,34.56,7.54,2236.61,,,11.89999962,0,7.726,878.1,881.5,2057.2,71.8,36.3,34.9,0.9,0,0,16.918,1.72,1.09,893.5
H3,H,H3,3,10/13/19,11:59,H3_191013,11.1,24.9,34.56,7.45,2235.67,,,11.10000038,0,7.638,1087.1,1091.3,2091.2,57.7,46.1,28.4,0.7,0,0,17.935,1.38,0.88,1105.4
H4,H,H4,3,10/13/19,11:59,H4_191013,10.8,24.8,34.56,7.38,2234.26,,,10.80000019,0,7.562,1306.3,1311.3,2113.1,48.4,56,23.9,0.6,0,0,18.278,1.16,0.74,1327.9
H5,H,H5,3,10/13/19,11:59,H5_191013,10.6,24.8,34.56,7.35,2235.62,,,10.60000038,0,7.527,1421.3,1426.7,2124.1,44.5,61.3,22,0.5,0,0,18.281,1.06,0.68,1444.6
H6,H,H6,3,10/13/19,11:59,H6_191013,10.5,25,34.57,7.32,2237.14,,,10.5,0,7.5,1516.9,1522.7,2132.3,41.8,65.6,20.7,0.5,0,0,18.204,1,0.64,1541.7
1A,S,1,4,10/27/19,12:38,1A_191027,12.3,24.7,34.57,7.46,2227.04,7.55,87.2,12.30000019,0,7.628,1114.9,1119.1,2079.8,58.9,45.5,28.7,0.8,0,0,17.762,1.41,0.9,1134.8
1B,S,1,4,10/27/19,12:39,1B_191027,12.3,24.6,34.57,7.63,2226.72,7.47,86.6,12.30000019,0,7.8,728.2,730.9,2015.1,84.7,29.7,41.2,1.1,0,0,15.812,2.02,1.29,741.2
1C,S,1,4,10/27/19,12:40,1C_191027,12.5,25.1,34.57,7.62,2231.36,7.82,91.2,12.5,0,7.795,739.2,742,2020,84.6,30,41,1.1,0,0,15.836,2.02,1.29,752.5
2A,S,2,4,10/27/19,12:41,2A_191027,11.8,24.6,34.57,7.55,2226.67,6.98,80.2,11.80000019,0,7.726,873.3,876.6,2048.4,71.3,36.2,34.9,0.9,0,0,16.92,1.7,1.09,888.5
2B,S,2,4,10/27/19,12:42,2B_191027,11.8,25.1,34.57,7.54,2230.52,7.1,81.4,11.80000019,0,7.725,878.6,881.9,2052.6,71.1,36.4,34.8,0.9,0,0,16.947,1.7,1.08,893.8
2C,S,2,4,10/27/19,12:42,2C_191027,11.9,25.1,34.57,7.54,2232.42,7.15,82.2,11.89999962,0,7.724,880.3,883.6,2053.9,71.4,36.4,34.8,0.9,0,0,16.929,1.71,1.09,895.7
3A,S,3,4,10/27/19,12:43,3A_191027,11.2,24.6,34.57,7.62,2226.74,6.35,72,11.19999981,0,7.812,702.6,705.3,2017.5,83.6,29.7,41.1,1,0,0,15.928,2,1.27,714.5
3B,S,3,4,10/27/19,12:44,3B_191027,11.2,24.9,34.57,7.46,2231.1,6.19,69.9,11.19999981,0,7.638,1086.1,1090.2,2086.4,57.8,45.9,28.4,0.7,0,0,17.909,1.38,0.88,1104.5
3C,S,3,4,10/27/19,12:45,3C_191027,11.2,24.8,34.57,7.46,2227.01,6.21,70.4,11.19999981,0,7.639,1080.9,1085,2082.1,57.8,45.7,28.5,0.7,0,0,17.894,1.38,0.88,1099.2
4A,S,4,4,10/27/19,12:46,4A_191027,10.7,25.1,34.57,7.4,2231.7,5.23,58.5,10.69999981,0,7.582,1240.7,1245.5,2105.6,50.3,53.3,24.9,0.6,0,0,18.249,1.2,0.77,1261.2
4B,S,4,4,10/27/19,12:47,4B_191027,10.8,25.2,34.57,7.4,2232.26,5.5,61.8,10.80000019,0,7.585,1233.8,1238.5,2104.9,50.8,52.9,25.1,0.6,0,0,18.23,1.21,0.77,1254.3
4C,S,4,4,10/27/19,12:48,4C_191027,10.8,24.8,34.57,7.4,2232.05,5.47,61.4,10.80000019,0,7.578,1254.6,1259.4,2106.6,50.1,53.8,24.7,0.6,0,0,18.247,1.2,0.76,1275.4
5A,S,5,4,10/27/19,12:49,5A_191027,10.4,24.9,34.57,7.35,2231.55,5.02,55.7,10.39999962,0,7.528,1411.8,1417.2,2120.6,44.2,61.3,22,0.5,0,0,18.291,1.06,0.67,1434.7
5B,S,5,4,10/27/19,12:50,5B_191027,10.5,25,34.57,7.34,2232.5,4.94,55,10.5,0,7.523,1430.3,1435.8,2122.3,44,61.9,21.8,0.5,0,0,18.274,1.05,0.67,1453.6
5C,S,5,4,10/27/19,12:51,5C_191027,10.5,24.5,34.57,7.35,2224.19,5.06,56.4,10.5,0,7.527,1412.7,1418.2,2113.5,44.1,61.1,21.9,0.5,0,0,18.271,1.05,0.67,1435.8
6A,S,6,4,10/27/19,12:52,6A_191027,10.2,24.8,34.57,7.32,2232.63,4.86,53.9,10.19999981,0,7.503,1499.9,1505.7,2128.4,41.6,65.5,20.7,0.5,0,0,18.223,0.99,0.63,1524
6B,S,6,4,10/27/19,12:54,6B_191027,10.4,24.7,34.57,7.32,2226.28,4.62,51.7,10.39999962,0,7.495,1526.9,1532.8,2123.4,41,66.3,20.4,0.5,0,0,18.172,0.98,0.62,1551.7
6C,S,6,4,10/27/19,12:54,6C_191027,10.3,25.1,34.57,7.31,2232.84,4.84,53.6,10.30000019,0,7.494,1532.3,1538.2,2130.2,40.9,66.7,20.3,0.5,0,0,18.181,0.98,0.62,1557
H1,H,H1,4,10/27/19,12:38,H1_191027,12.3,25,34.57,7.63,2232,,,12.30000019,0,7.805,720.3,723,2017.6,85.8,29.4,41.7,1.2,0,0,15.745,2.05,1.31,733.1
H2,H,H2,4,10/27/19,12:38,H2_191027,11.8,24.5,34.57,7.56,2225.46,,,11.80000019,0,7.736,850.8,854,2043.3,72.8,35.3,35.6,0.9,0,0,16.793,1.74,1.11,865.6
H3,H,H3,4,10/27/19,12:38,H3_191027,11.2,24.4,34.57,7.46,2226.3,,,11.19999981,0,7.633,1096.6,1100.7,2083.3,57.1,46.4,28.1,0.7,0,0,17.933,1.36,0.87,1115.1
H4,H,H4,4,10/27/19,12:38,H4_191027,10.8,24.5,34.57,7.41,2226.2,,,10.80000019,0,7.587,1222.8,1227.5,2098.4,51,52.4,25.2,0.6,0,0,18.213,1.22,0.77,1243.1
H5,H,H5,4,10/27/19,12:38,H5_191027,10.5,25,34.57,7.34,2232.68,,,10.5,0,7.525,1422.7,1428.1,2122,44.2,61.6,21.9,0.5,0,0,18.28,1.05,0.67,1445.9
H6,H,H6,4,10/27/19,12:38,H6_191027,10.3,24.8,34.57,7.32,2227.23,,,10.30000019,0,7.495,1524.1,1530,2124.5,40.9,66.4,20.4,0.5,0,0,18.18,0.98,0.62,1548.8
1A,S,1,5,11/10/19,10:51,1A_191110,12,25.1,34.31,7.61,2216.33,7.11,81.8,12,0,7.798,727.8,730.6,2009.6,82.6,30,40.3,1.1,0,0,15.968,1.98,1.26,740.6
1B,S,1,5,11/10/19,10:53,1B_191110,12.1,25,34.31,7.62,2214.49,7.11,81.8,12.10000038,0,7.799,726.1,728.8,2006.9,83,29.9,40.5,1.1,0,0,15.927,1.99,1.27,738.9
1C,S,1,5,11/10/19,10:56,1C_191110,12.2,25.1,34.31,7.62,2216.74,7.09,82,12.19999981,0,7.799,726.3,729,2008.1,83.5,29.8,40.6,1.1,0,0,15.897,2,1.27,739.2
2A,S,2,5,11/10/19,10:59,2A_191110,11.6,25.1,34.31,7.54,2215.04,6.23,71.2,11.60000038,0,7.73,861.3,864.6,2038.5,70.5,36,34.6,0.9,0,0,16.975,1.69,1.07,876.2
2B,S,2,5,11/10/19,11:01,2B_191110,11.6,25,34.31,7.54,2213.97,6.34,72.1,11.60000038,0,7.727,866.2,869.4,2038.4,70.1,36.2,34.4,0.9,0,0,17.002,1.68,1.07,881.1
2C,S,2,5,11/10/19,11:02,2C_191110,11.7,25.2,34.31,7.54,2214.45,6.45,73.8,11.69999981,0,7.726,869,872.3,2038.7,70.2,36.2,34.4,0.9,0,0,16.991,1.68,1.07,884
3A,S,3,5,11/10/19,11:04,3A_191110,11,24.8,34.31,7.44,2215.39,5.1,60.5,11,0,7.622,1119.9,1124.2,2078.1,54.8,47.7,27.1,0.7,0,0,18.073,1.31,0.83,1138.6
3B,S,3,5,11/10/19,11:06,3B_191110,11,25.3,34.31,7.44,2215.39,5.33,60,11,0,7.628,1105.2,1109.4,2076.5,55.4,47.1,27.4,0.7,0,0,18.042,1.33,0.84,1123.7
3C,S,3,5,11/10/19,11:10,3C_191110,11,24.9,34.31,7.44,2215.27,5.46,61.7,11,0,7.628,1103.5,1107.7,2076.2,55.5,47,27.4,0.7,0,0,18.038,1.33,0.85,1121.9
4A,S,4,5,11/10/19,11:12,4A_191110,10.6,25,34.31,7.39,2214.88,4.65,52.1,10.60000038,0,7.571,1265.3,1270.1,2093.7,48.3,54.7,24,0.6,0,0,18.308,1.16,0.74,1286
4B,S,4,5,11/10/19,11:14,4B_191110,10.7,24.9,34.31,7.38,2215.49,4.73,52.9,10.69999981,0,7.558,1306.2,1311.2,2097.2,47.2,56.2,23.4,0.6,0,0,18.311,1.13,0.72,1327.8
4C,S,4,5,11/10/19,11:17,4C_191110,10.7,25.1,34.31,7.39,2214.62,4.89,54.8,10.69999981,0,7.571,1265.6,1270.4,2093,48.5,54.5,24.1,0.6,0,0,18.296,1.16,0.74,1286.4
5A,S,5,5,11/10/19,11:19,5A_191110,10.3,25,34.31,7.34,2215.05,4.39,48.8,10.30000019,0,7.524,1418,1423.4,2107,43.1,61.9,21.4,0.5,0,0,18.306,1.03,0.65,1440.9
5B,S,5,5,11/10/19,11:20,5B_191110,10.4,25,34.31,7.34,2215.43,4.49,49.8,10.39999962,0,7.52,1430.3,1435.8,2107.8,42.9,62.2,21.3,0.5,0,0,18.292,1.03,0.65,1453.5
5C,S,5,5,11/10/19,11:21,5C_191110,10.5,25.1,34.31,7.33,2214.45,4.24,47.2,10.5,0,7.518,1438.3,1443.8,2107,42.8,62.3,21.3,0.5,0,0,18.279,1.02,0.65,1461.8
6A,S,6,5,11/10/19,11:23,6A_191110,10.2,24.7,34.31,7.3,2214.65,4.09,45.3,10.19999981,0,7.481,1570.7,1576.8,2116.7,39,68.7,19.5,0.4,0,0,18.123,0.93,0.59,1596
6B,S,6,5,11/10/19,11:25,6B_191110,10.3,25.1,34.31,7.29,2215.29,4.02,44.9,10.30000019,0,7.474,1597,1603.1,2118.4,38.6,69.7,19.3,0.4,0,0,18.081,0.92,0.59,1622.8
6C,S,6,5,11/10/19,11:27,6C_191110,10.3,25,34.31,7.3,2215.92,4.06,45.2,10.30000019,0,7.48,1576.2,1582.3,2117.8,39.1,68.8,19.5,0.4,0,0,18.117,0.94,0.59,1601.7
H1,H,H1,5,11/10/19,10:51,H1_191110,12.1,25,34.31,7.63,2216.93,,,12.10000038,0,7.812,703.3,705.9,2003.4,85.4,28.9,41.6,1.1,0,0,15.741,2.04,1.3,715.7
H2,H,H2,5,11/10/19,10:51,H2_191110,11.6,25.1,34.31,7.55,2213.71,,,11.60000038,0,7.74,838.5,841.7,2033.3,72.1,35.1,35.4,0.9,0,0,16.843,1.72,1.1,852.9
H3,H,H3,5,11/10/19,10:51,H3_191110,11,25.1,34.31,7.45,2215.87,,,11,0,7.633,1089.8,1094,2075.2,56.2,46.5,27.7,0.7,0,0,18.007,1.34,0.85,1108
H4,H,H4,5,11/10/19,10:51,H4_191110,10.7,24.9,34.31,7.41,2214.33,,,10.69999981,0,7.598,1185.9,1190.5,2085.5,51.4,51.1,25.5,0.6,0,0,18.228,1.23,0.78,1205.5
H5,H,H5,5,11/10/19,10:51,H5_191110,10.4,24.9,34.31,7.34,2215.66,,,10.39999962,0,7.523,1420.3,1425.7,2107.3,43.2,61.7,21.5,0.5,0,0,18.3,1.03,0.66,1443.3
H6,H,H6,5,11/10/19,10:51,H6_191110,10.3,24.8,34.31,7.29,2214.87,,,10.30000019,0,7.47,1614.4,1620.6,2118.9,38.2,70.4,19.1,0.4,0,0,18.051,0.91,0.58,1640.5
1A,S,1,6,11/24/19,13:02,1A_191124,11.8,25,34.3,7.57,2213.08,6.95,79.8,11.80000019,0,7.75,819.7,822.8,2027.9,74,34.1,36.2,1,0,0,16.677,1.77,1.13,834
1B,S,1,6,11/24/19,13:03,1B_191124,11.8,24.9,34.3,7.6,2216.44,7.55,86.6,11.80000019,0,7.783,754.6,757.5,2017.4,79.6,31.4,38.9,1,0,0,16.231,1.9,1.21,767.7
1C,S,1,6,11/24/19,13:04,1C_191124,11.9,24.7,34.3,7.6,2215.83,7.52,86.4,11.89999962,0,7.783,755.7,758.6,2016.4,79.7,31.3,39,1,0,0,16.211,1.91,1.22,768.9
2A,S,2,6,11/24/19,13:05,2A_191124,11.3,24.8,34.3,7.54,2217.24,6.72,76.1,11.30000019,0,7.723,875.5,878.9,2044.9,68.8,37,33.8,0.9,0,0,17.133,1.65,1.05,890.4
2B,S,2,6,11/24/19,13:06,2B_191124,11.3,25,34.3,7.53,2217.28,6.78,77,11.30000019,0,7.717,888.3,891.7,2047.1,68,37.5,33.4,0.8,0,0,17.199,1.63,1.04,903.4
2C,S,2,6,11/24/19,13:08,2C_191124,11.3,25.1,34.3,7.54,2215.72,6.88,78.1,11.30000019,0,7.729,863,866.2,2041.5,69.6,36.4,34.2,0.9,0,0,17.065,1.66,1.06,877.6
3A,S,3,6,11/24/19,13:09,3A_191124,10.5,25.1,34.3,7.44,2218.65,5.72,63.8,10.5,0,7.632,1093.1,1097.3,2080.8,55,47.4,27.2,0.6,0,0,18.111,1.32,0.84,1110.9
3B,S,3,6,11/24/19,13:10,3B_191124,10.5,25.1,34.3,7.43,2216.49,5.53,61.8,10.5,0,7.622,1119.4,1123.7,2081.8,53.7,48.5,26.7,0.6,0,0,18.162,1.29,0.82,1137.7
3C,S,3,6,11/24/19,13:11,3C_191124,10.5,25.2,34.3,7.44,2215.67,5.58,63.3,10.5,0,7.631,1093.4,1097.6,2078.2,54.8,47.4,27.2,0.6,0,0,18.11,1.31,0.83,1111.2
4A,S,4,6,11/24/19,13:12,4A_191124,10,24.7,34.3,7.37,2216.69,5.03,55.2,10,0,7.559,1301.6,1306.6,2101.3,46,57.3,22.9,0.5,0,0,18.382,1.1,0.7,1322.3
4B,S,4,6,11/24/19,13:15,4B_191124,10.1,25.2,34.3,7.36,2216.51,5.09,56.3,10.10000038,0,7.556,1309.2,1314.3,2101.3,45.9,57.5,22.9,0.5,0,0,18.372,1.1,0.7,1330.2
4C,S,4,6,11/24/19,13:17,4C_191124,10.1,25.2,34.3,7.37,2217.65,5.05,55.9,10.10000038,0,7.558,1303.4,1308.5,2101.8,46.2,57.2,23,0.5,0,0,18.374,1.1,0.7,1324.3
5A,S,5,6,11/24/19,13:18,5A_191124,9.7,25.1,34.3,7.33,2216.8,4.5,49.3,9.699999809,0,7.52,1426,1431.5,2111.9,41.8,63.5,20.9,0.5,0,0,18.331,1,0.63,1448.4
5B,S,5,6,11/24/19,13:20,5B_191124,9.8,25.2,34.3,7.31,2217.13,4.55,50.1,9.800000191,0,7.502,1489.7,1495.4,2115.8,40.4,66.1,20.2,0.4,0,0,18.253,0.97,0.61,1513.2
5C,S,5,6,11/24/19,13:21,5C_191124,9.8,25,34.3,7.32,2217.35,4.52,49.6,9.800000191,0,7.513,1453.1,1458.7,2113.7,41.3,64.4,20.6,0.5,0,0,18.299,0.99,0.63,1476
6A,S,6,6,11/24/19,13:22,6A_191124,9.7,24.8,34.3,7.3,2217.77,4.82,53.2,9.699999809,0,7.482,1563.1,1569.1,2121.2,38.5,69.6,19.3,0.4,0,0,18.141,0.92,0.58,1587.6
6B,S,6,6,11/24/19,13:23,6B_191124,9.9,25,34.3,7.28,2216.56,5.04,55.5,9.899999619,0,7.469,1615.6,1621.8,2122.2,37.6,71.4,18.8,0.4,0,0,18.046,0.9,0.57,1641.2
6C,S,6,6,11/24/19,13:25,6C_191124,9.9,25,34.3,7.3,2216.74,5.06,55.7,9.899999619,0,7.49,1535.1,1541.1,2117.8,39.4,67.9,19.7,0.4,0,0,18.185,0.94,0.6,1559.5
H1,H,H1,6,11/24/19,13:02,H1_191124,11.8,25.1,34.3,7.62,2217.08,,,11.80000019,0,7.804,716,718.7,2009.1,83.2,29.7,40.6,1.1,0,0,15.934,1.99,1.27,728.4
H2,H,H2,6,11/24/19,13:02,H2_191124,11.3,25,34.3,7.54,2217.49,,,11.30000019,0,7.733,853.9,857.1,2041.4,70.3,36.1,34.6,0.9,0,0,17.014,1.68,1.07,868.4
H3,H,H3,6,11/24/19,13:02,H3_191124,10.5,25.2,34.3,7.43,2216.84,,,10.5,0,7.623,1115.7,1120,2081.7,53.9,48.4,26.7,0.6,0,0,18.156,1.29,0.82,1133.9
H4,H,H4,6,11/24/19,13:02,H4_191124,10.1,25.1,34.3,7.37,2217.15,,,10.10000038,0,7.561,1296.2,1301.2,2100.8,46.4,56.9,23.1,0.5,0,0,18.374,1.11,0.7,1317
H5,H,H5,6,11/24/19,13:02,H5_191124,9.8,24.9,34.3,7.33,2216.64,,,9.800000191,0,7.517,1437.2,1442.8,2112,41.7,63.7,20.8,0.5,0,0,18.315,1,0.63,1459.9
H6,H,H6,6,11/24/19,13:02,H6_191124,9.9,25.2,34.3,7.31,2216.96,,,9.899999619,0,7.498,1506.5,1512.4,2116.3,40.1,66.6,20,0.4,0,0,18.228,0.96,0.61,1530.4
1A,S,1,7,12/9/19,12:35,1A_191209,12.3,25.1,33.78,7.61,2203.48,8.96,103.4,12.30000019,0,7.789,744.1,746.9,2002.4,80.5,30.5,39,1.1,0,0,16.145,1.93,1.23,757.4
1B,S,1,7,12/9/19,12:36,1B_191209,12.3,24.8,33.78,7.62,2204.02,8.9,102.7,12.30000019,0,7.795,732.7,735.5,2000.3,81.6,30.1,39.5,1.1,0,0,16.057,1.96,1.25,745.8
1C,S,1,7,12/9/19,12:36,1C_191209,12.4,25.1,33.78,7.61,2204.95,8.79,101.6,12.39999962,0,7.793,737.4,740.1,2001.4,81.5,30.1,39.4,1.1,0,0,16.063,1.96,1.25,750.6
2A,S,2,7,12/9/19,12:37,2A_191209,11.6,25,33.78,7.53,2202.96,7.63,87.4,11.60000038,0,7.711438015,899.0523858,902.4557352,2036.20095,66.67991837,37.70795696,32.564707,0.854273866,0,0,17.30495554,1.600315285,1.018624788,914.5472244
2B,S,2,7,12/9/19,12:38,2B_191209,11.6,25.3,33.78,7.53,2201.78,7.59,86.5,11.60000038,0,7.717085816,886.0760121,889.4302396,2033.079767,67.44917513,37.16370331,32.9559534,0.865455858,0,0,17.23981099,1.618777415,1.030376212,901.3472077
2C,S,2,7,12/9/19,12:39,2C_191209,11.7,24.9,33.78,7.54,2203.72,7.43,84.7,11.69999981,0,7.716801361,887.8922873,891.2490566,2034.412064,67.71503227,37.12039228,33.02374598,0.873610307,0,0,17.22250002,1.62518794,1.034648483,903.2706957
3A,S,3,7,12/9/19,12:40,3A_191209,10.7,25.1,33.78,7.43,2203.01,6.03,67.3,10.69999981,0,7.622793921,1113.16036,1117.423534,2069.436823,53.32767551,48.07019164,26.30598518,0.6361457,0,0,18.2177157,1.279712643,0.81323154,1131.51585
3B,S,3,7,12/9/19,12:41,3B_191209,10.8,25.1,33.78,7.43,2202.34,6.08,68,10.80000019,0,7.613790673,1138.135409,1142.488591,2070.908077,52.47800544,48.98855012,25.87144392,0.629429156,0,0,18.24390838,1.259333826,0.800423012,1156.994527
3C,S,3,7,12/9/19,12:42,3C_191209,10.8,25.1,33.78,7.61,2203.61,6.04,67.9,10.80000019,0,7.813200394,695.3477078,698.0072992,2002.528175,80.31651472,29.9297217,39.46500411,0.99622303,0,0,16.1989994,1.927384681,1.22503106,706.8697503
4A,S,4,7,12/9/19,12:43,4A_191209,10.2,25.1,33.78,7.37,2203.59,5.3,58.6,10.19999981,0,7.563741551,1282.013905,1286.955695,2088.156034,46.04649249,56.27748213,22.83773264,0.52780806,0,0,18.43948637,1.104955226,0.701564753,1302.646681
4B,S,4,7,12/9/19,12:44,4B_191209,10.2,25,33.78,7.37,2202.56,5.26,58.1,10.19999981,0,7.558663725,1297.268385,1302.268976,2088.441046,45.5174581,56.94711895,22.58720905,0.521672799,0,0,18.43764753,1.092260246,0.69350438,1318.146667
4C,S,4,7,12/9/19,12:45,4C_191209,10.2,24.7,33.78,7.37,2203.81,5.22,57.7,10.19999981,0,7.55637601,1305.225115,1310.256378,2090.210826,45.31668765,57.29640126,22.4751869,0.51893203,0,0,18.43857763,1.087442455,0.69044544,1326.231454
5A,S,5,7,12/9/19,12:47,5A_191209,9.7,24.9,33.78,7.33,2202.96,4.57,49.6,9.699999809,0,7.52028324,1419.546892,1425.054505,2099.910787,41.07061025,63.3543635,20.48836416,0.453824375,0,0,18.39262026,0.985551299,0.625221294,1441.849802
5B,S,5,7,12/9/19,12:48,5B_191209,9.8,24.8,33.78,7.33,2202.8,4.63,50.7,9.800000191,0,7.516833017,1432.121626,1437.670805,2100.158409,40.91321346,63.7037225,20.39130522,0.454853722,0,0,18.37468193,0.981772255,0.62292847,1454.730292
5C,S,5,7,12/9/19,12:49,5C_191209,9.8,25,33.78,7.32,2203.32,4.53,49.6,9.800000191,0,7.511886191,1449.635397,1455.252438,2101.764781,40.48077548,64.48277115,20.17196616,0.449702112,0,0,18.35446707,0.971395274,0.616344339,1472.52055
6A,S,6,7,12/9/19,12:51,6A_191209,9.6,24.7,33.78,7.31,2203.71,4.55,49.7,9.600000381,0,7.499841702,1490.803274,1496.594883,2105.51854,39.13048083,66.75617605,19.53756528,0.428556488,0,0,18.30011419,0.938997941,0.595589008,1514.113832
6B,S,6,7,12/9/19,12:52,6B_191209,9.9,25,33.78,7.3,2202.66,4.53,49.7,9.899999619,0,7.489077641,1531.857389,1537.785311,2105.750097,38.6360928,67.91470687,19.24301742,0.431068617,0,0,18.23147371,0.927128453,0.588356614,1556.157056
6C,S,6,7,12/9/19,12:53,6C_191209,9.7,25.1,33.78,7.3,2203.51,4.61,50.3,9.699999809,0,7.491173876,1522.951998,1528.860807,2106.822524,38.53442655,67.96933239,19.22374048,0.424403009,0,0,18.2476004,0.924691742,0.58661276,1546.879536
H1,H,H1,7,12/9/19,12:35,H1_191209,12.3,24.6,33.78,7.64,2205.36,,,12.30000019,0,7.810919943,703.9769323,706.6178974,1994.540043,84.41756547,28.87264413,40.84518464,1.152116519,0,0,15.82619328,2.026326575,1.291487805,716.5392481
H2,H,H2,7,12/9/19,12:35,H2_191209,11.6,25.1,33.78,7.55,2203.89,,,11.60000038,0,7.738597677,840.8056384,843.9884955,2027.173477,70.66835808,35.26497824,34.48563674,0.909403838,0,0,16.98995272,1.696037673,1.07955353,855.2966156
H3,H,H3,7,12/9/19,12:35,H3_191209,10.8,25.1,33.78,7.45,2204.16,,,10.80000019,0,7.634869001,1081.911229,1086.049363,2066.506823,54.97075101,46.56850324,27.07127351,0.660731763,0,0,18.13602626,1.31915315,0.83844372,1099.838702
H4,H,H4,7,12/9/19,12:35,H4_191209,10.2,24.8,33.78,7.36,2203.58,,,10.19999981,0,7.548213634,1331.125327,1336.256427,2091.99789,44.51095702,58.4333614,22.07974657,0.509270009,0,0,18.43189534,1.06810773,0.678169321,1352.548504
H5,H,H5,7,12/9/19,12:35,H5_191209,9.8,25,33.78,7.32,2201.94,,,9.800000191,0,7.507567147,1463.870503,1469.542702,2101.401028,40.07325394,65.11597799,19.98229131,0.445252004,0,0,18.33295078,0.961616201,0.610139577,1486.980383
H6,H,H6,7,12/9/19,12:35,H6_191209,9.8,24.9,33.78,7.31,2203.25,,,9.800000191,0,7.495228575,1508.888116,1514.734749,2105.352144,39.02400545,67.11845425,19.44970101,0.432780128,0,0,18.26994652,0.936437952,0.594164133,1532.708682
1A,S,1,8,12/15/19,11:37,1A_191215,12.1,25,34.14,7.6,2214.96,8.41,97.1,12.10000038,0,7.784839794,752.9462135,755.7781676,2014.174167,80.33650841,31.01470606,39.06334918,1.069509604,0,0,16.17220512,1.92396863,1.226599114,766.2469275
1B,S,1,8,12/15/19,11:38,1B_191215,12.2,24.9,34.14,7.61,2211.88,8.57,98.9,12.19999981,0,7.789332035,743.7292743,746.5229629,2008.734411,81.27053145,30.53763002,39.53279635,1.091483671,0,0,16.07689155,1.946375046,1.241119912,756.9328156
1C,S,1,8,12/15/19,11:39,1C_191215,12.2,24.9,34.14,7.61,2213.04,8.46,97.8,12.19999981,0,7.790327972,742.2646364,745.0528234,2009.381273,81.48334853,30.47749179,39.61469226,1.093989566,0,0,16.06480054,1.951471873,1.24436994,755.4421758
2A,S,2,8,12/15/19,11:40,2A_191215,11.6,24.7,34.14,7.54,2213.37,7.38,84.2,11.60000038,0,7.715487522,892.6607486,896.0399026,2042.970811,68.10763509,37.36305809,33.33323143,0.867103518,0,0,17.18346002,1.6309701,1.038828544,908.0430473
2B,S,2,8,12/15/19,11:41,2B_191215,11.6,24.9,34.14,7.54,2214.33,7.38,84.2,11.60000038,0,7.719857918,883.4271863,886.7713867,2042.287498,68.77346616,36.97657966,33.64239674,0.875873414,0,0,17.13522962,1.646914723,1.048984297,898.6503725
2C,S,2,8,12/15/19,11:42,2C_191215,11.7,25.1,34.14,7.54,2214.18,7.45,85.1,11.69999981,0,7.722379017,878.2423221,881.5626086,2040.618014,69.38973657,36.64165634,33.91180331,0.889862074,0,0,17.0815821,1.661695547,1.058595118,893.4512318
3A,S,3,8,12/15/19,11:43,3A_191215,10.8,25,34.14,7.44,2215.86,6.22,69.7,10.80000019,0,7.628857964,1101.922725,1106.1374,2078.127044,54.98771322,47.3321131,27.12290191,0.655261538,0,0,18.10812864,1.316693378,0.837437784,1120.179007
3B,S,3,8,12/15/19,11:44,3B_191215,10.8,24.9,34.14,7.44,2214.3,6.12,68.6,10.80000019,0,7.622592756,1118.132717,1122.409392,2078.495562,54.20975671,48.02839892,26.76006461,0.645876479,0,0,18.1402243,1.298065031,0.825589861,1136.657561
3C,S,3,8,12/15/19,11:45,3C_191215,10.8,24.9,34.14,7.44,2213.71,6.1,65.8,10.80000019,0,7.622438196,1118.255022,1122.532165,2077.983253,54.17711065,48.0336524,26.75117083,0.64564666,0,0,18.14011744,1.297283314,0.825092677,1136.781892
4A,S,4,8,12/15/19,11:46,4A_191215,10.4,25,34.14,7.38,2214.72,5.5,61.2,10.39999962,0,7.567367474,1276.590073,1281.4982,2095.945237,47.38039972,55.55699711,23.49191316,0.546152611,0,0,18.36649613,1.134523025,0.721067502,1297.332395
4B,S,4,8,12/15/19,11:48,4B_191215,10.4,25,34.14,7.37,2213.43,5.36,59.5,10.39999962,0,7.560336122,1297.782365,1302.77197,2096.519879,46.63225553,56.47928227,23.13615847,0.537381439,0,0,18.36848003,1.116608722,0.709681729,1318.869024
4C,S,4,8,12/15/19,11:49,4C_191215,10.5,25.1,34.14,7.37,2214.58,5.44,60.6,10.5,0,7.561225923,1296.37343,1301.35116,2096.968334,46.92367378,56.23324322,23.24490538,0.543977694,0,0,18.35978306,1.123587774,0.714241907,1317.539714
5A,S,5,8,12/15/19,11:50,5A_191215,9.9,24.7,34.14,7.33,2214.28,4.83,53,9.899999619,0,7.519114835,1430.332045,1435.867088,2109.333164,41.82910866,63.28229567,20.8584241,0.46446966,0,0,18.33951013,1.001608728,0.636045579,1453.017828
5B,S,5,8,12/15/19,11:51,5B_191215,10.1,24.7,34.14,7.33,2212.48,4.77,52.6,10.10000038,0,7.517833948,1435.222329,1440.761881,2107.134607,41.99538663,63.08033167,20.91633376,0.472639832,0,0,18.32314383,1.005582567,0.638786369,1458.206076
5C,S,5,8,12/15/19,11:52,5C_191215,10.1,24.9,34.14,7.33,2214.62,4.75,52.4,10.10000038,0,7.512901241,1453.815848,1459.427166,2110.327164,41.58401188,63.89754678,20.69216349,0.46730197,0,0,18.30813832,0.995732169,0.632529001,1477.097353
6A,S,6,8,12/15/19,11:53,6A_191215,10,25.2,34.14,7.3,2214.43,4.63,50.8,10,0,7.492170782,1527.226075,1533.128399,2115.145284,39.57843076,67.34605751,19.71955052,0.441003731,0,0,18.2144209,0.947711526,0.601921671,1551.565526
6B,S,6,8,12/15/19,11:54,6B_191215,9.9,24.9,34.14,7.3,2213.16,4.59,50.4,9.899999619,0,7.488134075,1540.331539,1546.292254,2115.15287,39.05659974,68.14901214,19.49132686,0.432490519,0,0,18.19144085,0.935220291,0.593887328,1564.76197
6C,S,6,8,12/15/19,11:54,6C_191215,9.9,24.9,34.14,7.31,2214.3,4.86,53.4,9.899999619,0,7.493199751,1522.471836,1528.363438,2115.156451,39.51489588,67.35884387,19.70889406,0.437564688,0,0,18.22191616,0.946194309,0.600856094,1546.619003
H1,H,H1,8,12/15/19,11:37,H1_191215,12.2,24.8,34.14,7.62,2219.84,,,12.19999981,0,7.80253486,722.0598814,724.7721728,2010.405592,83.84884573,29.64788166,40.63081453,1.125174983,0,0,15.90184871,2.008123954,1.280494543,734.8787226
H2,H,H2,8,12/15/19,11:37,H2_191215,11.6,25.1,34.14,7.55,2215.53,,,11.60000038,0,7.73555437,850.1049931,853.3230528,2037.582197,71.14028871,35.58185155,34.77438494,0.908108615,0,0,16.95120983,1.703592903,1.085084843,864.7539724
H3,H,H3,8,12/15/19,11:37,H3_191215,10.8,24.9,34.14,7.44,2214.34,,,10.80000019,0,7.621572504,1120.946002,1125.233438,2078.835795,54.09140851,48.14924109,26.70140744,0.644360955,0,0,18.14566464,1.295231156,0.823787472,1139.517456
H4,H,H4,8,12/15/19,11:37,H4_191215,10.4,24.9,34.14,7.36,2214.65,,,10.39999962,0,7.548522419,1336.207907,1341.345248,2100.66815,45.47065238,58.15155576,22.54981298,0.522960587,0,0,18.36790992,1.088794151,0.692003654,1357.918913
H5,H,H5,8,12/15/19,11:37,H5_191215,10.1,24.9,34.14,7.34,2214.9,,,10.10000038,0,7.522326962,1421.313668,1426.799537,2108.41474,42.4578855,62.46902366,21.12251871,0.47755493,0,0,18.34076273,1.016657136,0.645821379,1444.074681
H6,H,H6,8,12/15/19,11:37,H6_291215,9.9,24.7,34.14,7.32,2214.9,,,9.899999619,0,7.506433722,1475.136287,1480.844712,2112.804662,40.6922462,65.26457337,20.28820668,0.451103543,0,0,18.28930694,0.974386265,0.618758662,1498.532688