H,Tub,Date,Temp,pH,DO1,DO2,Salinity,Time
H1,1A,9/14/19,11.9,7.83,7.13,82.6,34.59,11:34
H1,1B,9/14/19,11.9,7.85,7.22,82.5,34.59,11:35
H1,1C,9/14/19,11.2,7.84,7.17,81.9,34.59,11:35
H2,2A,9/14/19,11.8,7.73,6.6,75.1,34.59,11:37
H2,2B,9/14/19,11.8,7.74,6.47,73.5,34.59,11:39
H2,2C,9/14/19,12.5,7.73,6.26,73.3,34.61,11:41
H3,3A,9/14/19,11.5,7.67,6.04,68.7,34.59,11:42
H3,3B,9/14/19,11.5,7.67,5.99,68.3,34.59,11:43
H3,3C,9/14/19,11.5,7.68,6.06,68.9,34.59,11:44
H4,4A,9/14/19,11.2,7.57,5.6,63.5,34.59,11:45
H4,4B,9/14/19,11.4,7.57,5.49,62,34.59,11:46
H4,4C,9/14/19,11.3,7.57,5.53,62.9,34.59,11:47
H5,5A,9/14/19,11.2,7.56,5.41,61.3,34.59,11:48
H5,5B,9/14/19,11.2,7.55,5.33,60.5,34.58,11:49
H5,5C,9/14/19,11.3,7.56,5.35,60.9,34.58,11:50
H6,6A,9/14/19,11.1,7.53,5.24,59,34.59,11:51
H6,6B,9/14/19,11.1,7.53,5.22,59.1,34.59,11:52
H6,6C,9/14/19,11.2,7.52,5.22,59.2,34.58,11:53
H1,1A,9/15/19,12.2,7.84,7.45,86.2,34.59,13:05
H1,1B,9/15/19,12.1,7.86,6.87,79.9,34.59,13:06
H1,1C,9/15/19,12.2,7.87,7.07,82,34.59,13:07
H2,2A,9/15/19,12,7.78,6.64,76.8,34.59,13:08
H2,2B,9/15/19,12,7.77,6.67,77,34.59,13:09
H2,2C,9/15/19,12.1,7.78,6.69,77.3,34.59,13:10
H3,3A,9/15/19,11.7,7.68,6.09,70,34.58,13:11
H3,3B,9/15/19,11.7,7.69,6.04,69.2,34.58,13:13
H3,3C,9/15/19,11.7,7.69,6.11,70.4,34.59,13:13
H4,4A,9/15/19,11.5,7.6,5.69,65.1,34.58,13:14
H4,4B,9/15/19,11.5,7.58,5.74,65.8,34.58,13:15
H4,4C,9/15/19,11.6,7.59,5.57,63.6,34.58,13:16
H5,5A,9/15/19,11.4,7.54,5.5,63,34.58,13:17
H5,5B,9/15/19,11.3,7.54,5.36,61,34.58,13:18
H5,5C,9/15/19,11.4,7.54,5.43,62.1,34.58,13:19
H6,6A,9/15/19,11.4,7.5,5.22,59.4,34.58,13:20
H6,6B,9/15/19,11.3,7.49,5.16,58.8,34.57,13:21
H6,6C,9/15/19,11.4,7.49,5.23,59.6,34.58,13:22
H1,1A,9/16/19,12.1,7.84,5.88,68,34.58,10:42
H1,1B,9/16/19,12.1,7.85,5.79,66.9,34.58,10:44
H1,1C,9/16/19,12.2,7.85,5.99,69.5,34.58,10:45
H2,2A,9/16/19,11.9,7.76,5.66,65.1,34.59,10:50
H2,2B,9/16/19,11.9,7.76,5.73,66,34.57,10:51
H2,2C,9/16/19,12.1,7.78,5.83,67.4,34.58,10:53
H3,3A,9/16/19,11.8,7.75,5.42,62.3,34.58,11:03
H3,3B,9/16/19,11.8,7.74,5.34,61.3,34.58,11:05
H3,3C,9/16/19,11.8,7.75,5.42,62.3,34.57,11:06
H4,4A,9/16/19,11.5,7.62,4.96,56.7,34.55,11:12
H4,4B,9/16/19,11.6,7.6,4.88,55.8,34.57,11:13
H4,4C,9/16/19,11.6,7.61,4.95,56.6,34.56,11:15
H5,5A,9/16/19,11.5,7.56,4.82,54.9,34.57,11:19
H5,5B,9/16/19,11.4,7.54,4.66,53.1,34.56,11:21
H5,5C,9/16/19,11.5,7.56,4.8,54.7,34.58,11:22
H6,6A,9/16/19,11.4,7.52,4.74,53.9,34.57,11:26
H6,6B,9/16/19,11.4,7.52,4.7,53.5,34.57,11:27
H6,6C,9/16/19,11.4,7.52,4.79,54.6,34.55,11:29
H1,1A,9/17/19,12,7.86,7.57,87.2,34.59,11:11
H1,1B,9/17/19,11.9,7.87,7.76,89.4,34.59,11:13
H1,1C,9/17/19,12.1,7.87,7.82,90.3,34.59,11:14
H2,2A,9/17/19,11.6,7.76,7.09,81.1,34.58,11:19
H2,2B,9/17/19,11.8,7.77,6.76,77.7,34.59,11:21
H2,2C,9/17/19,11.8,7.79,7.29,83.7,34.59,11:23
H3,3A,9/17/19,11.1,7.71,6.51,73.6,34.57,11:30
H3,3B,9/17/19,11.1,7.71,6.37,72.1,34.58,11:31
H3,3C,9/17/19,11.1,7.71,6.44,72.9,34.58,11:33
H4,4A,9/17/19,10.8,7.61,5.61,63.1,34.58,11:38
H4,4B,9/17/19,10.8,7.6,5.47,61.5,34.58,11:39
H4,4C,9/17/19,10.9,7.61,5.55,62.6,34.58,11:41
H5,5A,9/17/19,10.7,7.57,5.27,59,34.58,11:45
H5,5B,9/17/19,10.7,7.55,5.13,57.6,34.58,11:46
H5,5C,9/17/19,10.7,7.56,5.26,59,34.57,11:48
H6,6A,9/17/19,10.4,7.5,4.68,52.1,34.58,11:53
H6,6B,9/17/19,10.5,7.51,4.64,51.8,34.57,11:54
H6,6C,9/17/19,10.4,7.51,4.65,51.9,34.58,11:55
H1,1A,9/18/19,12.4,7.86,7.57,88.1,34.5,10:34
H1,1B,9/18/19,12.4,7.85,7.93,85.8,34.5,10:35
H1,1C,9/18/19,12.5,7.86,7.36,85.6,34.51,10:36
H2,2A,9/18/19,12,7.78,6.88,79.4,34.5,10:41
H2,2B,9/18/19,12.2,7.73,6.52,75.5,34.54,10:43
H2,2C,9/18/19,12.1,7.78,6.83,78.8,34.5,10:44
H3,3A,9/18/19,11.3,7.71,6.02,68.4,34.47,10:48
H3,3B,9/18/19,11.4,7.7,6.06,68.9,34.47,10:50
H3,3C,9/18/19,11.3,7.7,5.98,67.9,34.48,10:51
H4,4A,9/18/19,10.9,7.61,5.21,58.6,34.47,10:54
H4,4B,9/18/19,11,7.6,5.32,60,34.47,10:56
H4,4C,9/18/19,11,7.6,5.09,57.4,34.49,10:57
H5,5A,9/18/19,10.8,7.57,5.11,57.3,34.47,11:01
H5,5B,9/18/19,10.8,7.55,4.83,54.3,34.49,11:02
H5,5C,9/18/19,10.8,7.56,4.94,55.5,34.47,11:04
H6,6A,9/18/19,10.5,7.51,4.62,51.5,34.45,11:08
H6,6B,9/18/19,10.6,7.51,4.54,50.7,34.46,11:09
H6,6C,9/18/19,10.6,7.52,4.66,52.1,34.45,11:11
H1,1A,9/19/19,12.6,7.83,7.86,91.7,34.47,12:39
H1,1B,9/19/19,12.5,7.83,7.69,89.6,34.48,12:40
H1,1C,9/19/19,12.6,7.84,7.77,90.7,34.47,12:41
H2,2A,9/19/19,12.1,7.74,7.16,82.7,34.48,12:42
H2,2B,9/19/19,12.1,7.73,6.97,80.6,34.47,12:42
H2,2C,9/19/19,12.5,7.73,6.99,80.3,34.46,12:43
H3,3A,9/19/19,11.4,7.67,6.17,70.2,34.47,12:44
H3,3B,9/19/19,11.4,7.67,6.29,71.6,34.6,12:44
H3,3C,9/19/19,11.4,7.67,6.1,69.4,34.46,12:45
H4,4A,9/19/19,10.9,7.59,5.4,60.3,34.47,12:45
H4,4B,9/19/19,10.9,7.57,5.29,59.6,34.45,12:46
H4,4C,9/19/19,11,7.57,5.25,59.2,34.46,12:46
H5,5A,9/19/19,10.6,7.54,5.14,57.5,34.47,12:47
H5,5B,9/19/19,10.7,7.53,5.04,56.6,34.48,12:48
H5,5C,9/19/19,10.7,7.53,5.01,56.2,34.47,12:48
H6,6A,9/19/19,10,7.48,4.5,50.1,34.47,12:49
H6,6B,9/19/19,10.4,7.47,4.49,49.9,34.47,12:50
H6,6C,9/19/19,10.4,7.48,4.54,50.5,34.46,12:50
H1,1A,9/20/19,12.8,7.72,7.23,84.6,34.54,10:11
H1,1B,9/20/19,12.6,7.7,7.28,85.1,34.55,10:13
H1,1C,9/20/19,12.8,7.79,7.07,83,34.54,10:14
H2,2A,9/20/19,12.4,7.69,6.48,75.4,34.54,10:16
H2,2B,9/20/19,12.4,7.68,6.3,73.3,34.54,10:17
H2,2C,9/20/19,12.5,7.73,6.75,78.7,34.53,10:18
H3,3A,9/20/19,12,7.66,5.79,66.7,34.53,10:19
H3,3B,9/20/19,11.8,7.64,5.69,65.4,34.53,10:21
H3,3C,9/20/19,11.9,7.65,5.64,64.9,54.53,10:22
H4,4A,9/20/19,11.5,7.57,5.14,58.7,34.52,10:23
H4,4B,9/20/19,11.5,7.55,5.02,27.3,34.53,10:24
H4,4C,9/20/19,11.5,7.56,5.09,58,34.53,10:24
H5,5A,9/20/19,11.3,7.53,4.93,56,34.52,10:25
H5,5B,9/20/19,11.2,7.51,4.87,55.2,34.53,10:27
H5,5C,9/20/19,11.3,7.51,4.81,54.7,34.52,10:28
H6,6A,9/20/19,11.1,7.49,4.66,52.7,34.52,10:29
H6,6B,9/20/19,11.1,7.49,4.68,53,34.52,10:29
H6,6C,9/20/19,11.2,7.49,4.77,53.4,34.52,10:30
H1,1A,9/21/19,12.7,7.83,7.09,82.5,34.55,12:08
H1,1B,9/21/19,12.6,7.86,7.1,82.3,34.55,12:09
H1,1C,9/21/19,12.7,7.87,7.34,84.9,34.53,12:10
H2,2A,9/21/19,12.4,7.79,7.12,82.3,34.56,12:11
H2,2B,9/21/19,12.6,7.73,6.65,78,34.58,12:12
H2,2C,9/21/19,12.8,7.76,6.83,79.3,34.58,12:13
H3,3A,9/21/19,11.7,7.69,6,68.1,34.55,12:14
H3,3B,9/21/19,11.7,7.68,5.93,68.1,34.54,12:14
H3,3C,9/21/19,11.7,7.69,5.9,67.5,34.54,12:15
H4,4A,9/21/19,11.1,7.59,5.5,62.5,34.53,12:16
H4,4B,9/21/19,11.3,7.6,5.35,60.9,34.53,12:17
H4,4C,9/21/19,11.4,7.58,5.34,61,34.54,12:18
H5,5A,9/21/19,11.1,7.55,5.42,61.3,34.54,12:19
H5,5B,9/21/19,11.2,7.54,5.23,59.3,34.53,12:21
H5,5C,9/21/19,11.2,7.54,5.1,57.7,34.54,12:21
H6,6A,9/21/19,11,7.52,5.08,57.5,34.54,12:23
H6,6B,9/21/19,11,7.51,4.99,56.5,34.54,12:24
H6,6C,9/21/19,11,7.51,4.81,54.4,34.53,12:25
H1,1A,9/22/19,12.8,7.82,7.03,82.4,34.55,12:08
H1,1B,9/22/19,12.7,7.84,7.13,83.6,34.56,12:09
H1,1C,9/22/19,12.8,7.84,7.12,83.4,34.55,12:10
H2,2A,9/22/19,12.5,7.77,6.89,80.3,34.55,12:11
H2,2B,9/22/19,12.5,7.72,6.66,77.5,34.56,12:12
H2,2C,9/22/19,12.8,7.68,6.15,71,34.56,12:13
H3,3A,9/22/19,11.7,7.67,5.82,66.7,34.55,12:14
H3,3B,9/22/19,11.7,7.68,8.57,66.2,34.55,12:15
H3,3C,9/22/19,11.7,7.68,5.85,66.9,34.56,12:16
H4,4A,9/22/19,11.3,7.59,5.15,58.6,34.56,12:18
H4,4B,9/22/19,11.3,7.59,5.2,59.2,34.54,12:19
H4,4C,9/22/19,11.4,7.59,5.13,58.1,34.55,12:19
H5,5A,9/22/19,11.1,7.54,4.94,58.7,34.54,12:20
H5,5B,9/22/19,11.2,7.54,4.92,55.8,34.54,12:21
H5,5C,9/22/19,11.2,7.54,4.85,55.1,34.54,12:22
H6,6A,9/22/19,10.9,7.5,4.83,54.5,34.54,12:23
H6,6B,9/22/19,11.1,7.5,4.75,53.7,34.54,12:25
H6,6C,9/22/19,11,7.5,4.74,53.6,34.54,12:25
H1,1A,9/23/19,12.8,7.81,6.93,80.9,34.56,12:16
H1,1B,9/23/19,12.8,7.83,6.87,79.3,34.57,12:17
H1,1C,9/23/19,12.8,7.83,6.65,78.1,34.57,12:18
H2,2A,9/23/19,12.5,7.76,6.68,77.9,34.57,12:19
H2,2B,9/23/19,12.8,7.73,6.44,74.5,34.58,12:20
H2,2C,9/23/19,12.7,7.76,6.81,79.9,34.56,12:21
H3,3A,9/23/19,11.8,7.66,5.51,62.9,34.57,12:22
H3,3B,9/23/19,11.8,7.67,5.52,63.4,34.56,12:23
H3,3C,9/23/19,11.8,7.66,5.34,61.6,34.56,12:24
H4,4A,9/23/19,11.4,7.57,4.8,54.9,34.55,12:25
H4,4B,9/23/19,11.4,7.57,4.77,54.6,34.56,12:26
H4,4C,9/23/19,11.5,7.58,4.82,55,34.56,12:27
H5,5A,9/23/19,11.2,7.53,4.61,52.3,34.56,12:28
H5,5B,9/23/19,11.3,7.53,4.67,53.1,34.55,12:29
H5,5C,9/23/19,11.3,7.53,4.6,52.3,34.56,12:30
H6,6A,9/23/19,11.1,7.5,4.54,51.5,34.55,12:31
H6,6B,9/23/19,11.2,7.49,4.54,51.4,34.55,12:32
H6,6C,9/23/19,11.2,7.49,4.53,51.5,34.55,12:33
H1,1A,9/24/19,13.1,7.78,7.37,87,34.59,11:09
H1,1B,9/24/19,13,7.82,7.23,85.3,34.58,11:11
H1,1C,9/24/19,13.1,7.81,7,82.5,34.58,11:11
H2,2A,9/24/19,12.7,7.72,6.54,76.5,34.58,11:13
H2,2B,9/24/19,13.3,7.57,5.79,68.9,34.59,11:14
H2,2C,9/24/19,13,7.74,6.87,80.9,34.57,11:15
H3,3A,9/24/19,11.9,7.65,5.42,62.4,34.57,11:16
H3,3B,9/24/19,11.9,7.66,5.55,63.9,34.57,11:17
H3,3C,9/24/19,11.9,7.65,5.46,61.8,34.57,11:19
H4,4A,9/24/19,11.4,7.58,4.84,55.1,34.56,11:20
H4,4B,9/24/19,11.5,7.58,4.8,54.8,34.56,11:20
H4,4C,9/24/19,11.5,7.58,4.42,54.8,34.57,11:21
H5,5A,9/24/19,11.2,7.54,4.53,51.3,34.56,11:22
H5,5B,9/24/19,11.3,7.53,4.33,49.1,34.56,11:23
H5,5C,9/24/19,11.3,7.53,4.52,51.4,34.56,11:24
H6,6A,9/24/19,11.1,7.49,4.45,50.2,34.56,11:24
H6,6B,9/24/19,11.2,7.49,4.36,49.5,34.56,11:26
H6,6C,9/24/19,11.2,7.48,4.4,49.9,34.56,11:27
H1,1A,9/25/19,13.3,7.82,7.39,87.2,34.58,14:08
H1,1B,9/25/19,13.2,7.83,7.37,87,34.59,14:09
H1,1C,9/25/19,13.4,7.84,7.27,86.2,34.58,14:10
H2,2A,9/25/19,13.1,7.74,7.27,85.7,34.59,14:11
H2,2B,9/25/19,13.5,7.72,6.58,78.1,34.62,14:12
H2,2C,9/25/19,14,7.72,6.24,76,34.58,14:13
H3,3A,9/25/19,12.3,7.65,6,69.5,34.58,14:14
H3,3B,9/25/19,12.3,7.67,6.09,70.1,34.58,14:16
H3,3C,9/25/19,12.4,7.67,6.07,70.7,34.57,14:16
H4,4A,9/25/19,11.9,7.57,5.66,65.2,34.57,14:19
H4,4B,9/25/19,12,7.57,5.5,63.2,34.57,14:20
H4,4C,9/25/19,12,7.58,5.4,62.3,34.57,14:21
H5,5A,9/25/19,11.8,7.55,5.32,61,34.57,14:22
H5,5B,9/25/19,11.9,7.55,5.39,61.9,34.57,14:24
H5,5C,9/25/19,11.9,7.55,5.21,59.9,34.57,14:25
H6,6A,9/25/19,11.8,7.51,5.32,61,34.57,14:26
H6,6B,9/25/19,11.9,7.5,5.38,61.9,34.57,14:27
H6,6C,9/25/19,11.9,7.52,4.96,57.2,34.57,14:28
H1,1A,9/26/19,16.2,7.8,7.57,95.1,34.62,13:52
H1,1B,9/26/19,16.5,7.84,7.68,96.9,34.62,13:53
H1,1C,9/26/19,16.3,7.83,7.23,91,34.61,13:53
H2,2A,9/26/19,15.9,7.75,6.42,80.1,34.63,13:54
H2,2B,9/26/19,15.9,7.74,6.31,78.7,34.63,13:55
H2,2C,9/26/19,16.1,7.76,6.41,80.3,34.61,13:55
H3,3A,9/26/19,15.5,7.65,5.48,67.9,34.61,13:56
H3,3B,9/26/19,15.6,7.66,5.6,69.4,34.61,13:57
H3,3C,9/26/19,15.6,7.65,5.52,68.5,34.61,13:57
H4,4A,9/26/19,15.1,7.57,4.52,55.5,34.61,13:58
H4,4B,9/26/19,15.2,7.57,4.62,56.9,34.61,13:59
H4,4C,9/26/19,15.2,7.56,4.5,55.4,34.6,13:59
H5,5A,9/26/19,15,7.53,4.43,54.4,34.61,14:00
H5,5B,9/26/19,14.8,7.51,3.96,43.4,34.62,14:01
H5,5C,9/26/19,15,7.51,4.13,50.6,34.6,14:01
H6,6A,9/26/19,14.8,7.5,5.02,49.1,34.61,14:02
H6,6B,9/26/19,14.6,7.49,4.16,50.7,34.61,14:03
H6,6C,9/26/19,15.1,7.51,4.45,54.6,34.61,14:03
H1,1A,9/27/19,15.2,7.73,7.54,92.9,34.61,11:31
H1,1B,9/27/19,15.7,7.75,7.71,95.8,34.61,11:31
H1,1C,9/27/19,15.7,7.75,7.68,95.5,34.59,11:32
H2,2A,9/27/19,15.3,7.75,7.53,92.8,34.6,11:33
H2,2B,9/27/19,15.3,7.75,7.41,91.5,34.61,11:34
H2,2C,9/27/19,15.5,7.75,7.49,92.8,34.6,11:35
H3,3A,9/27/19,14.7,7.65,6.02,73.3,34.59,11:36
H3,3B,9/27/19,14.6,7.65,6,73,34.6,11:36
H3,3C,9/27/19,14.8,7.66,6.05,73,34.6,11:36
H4,4A,9/27/19,13.7,7.57,4.89,58.3,34.62,11:37
H4,4B,9/27/19,13.8,7.57,4.7,56.2,34.59,11:38
H4,4C,9/27/19,13.9,7.57,4.75,56.9,34.61,11:38
H5,5A,9/27/19,13.4,7.53,4.22,50.1,34.6,11:39
H5,5B,9/27/19,13.1,7.51,4.3,50.5,34.6,11:39
H5,5C,9/27/19,13.2,7.51,4.1,48.5,34.61,11:40
H6,6A,9/27/19,12.7,7.48,4.12,48.3,34.6,11:41
H6,6B,9/27/19,12.9,7.47,4.13,48.6,34.57,11:41
H6,6C,9/27/19,13.1,7.47,4.17,49.2,34.58,11:42
H1,1A,9/28/19,13.6,7.77,7.44,88.3,34.57,15:06
H1,1B,9/28/19,13.6,7.8,7.71,89.7,34.58,15:07
H1,1C,9/28/19,13.7,7.82,7.77,92.8,34.58,15:08
H2,2A,9/28/19,13,7.72,6.75,78.7,34.58,15:09
H2,2B,9/28/19,12.9,7.71,6.48,76.2,34.58,15:10
H2,2C,9/28/19,13,7.73,6.83,80.4,34.57,15:11
H3,3A,9/28/19,12.2,7.6,5.46,53.7,34.57,15:12
H3,3B,9/28/19,12.2,7.63,5.77,66.8,34.56,15:13
H3,3C,9/28/19,12.3,7.65,5.89,68.2,34.57,15:14
H4,4A,9/28/19,11.6,7.55,4.96,56.5,34.56,15:15
H4,4B,9/28/19,11.7,7.56,4.99,57.1,34.56,15:16
H4,4C,9/28/19,11.8,7.56,4.94,56.5,34.56,15:17
H5,5A,9/28/19,11.4,7.51,4.67,52.9,34.56,15:18
H5,5B,9/28/19,11.5,7.52,4.6,52.3,34.56,15:20
H5,5C,9/28/19,11.6,7.52,4.63,52.8,34.56,15:20
H6,6A,9/28/19,11.3,7.47,4.43,50.1,34.56,15:22
H6,6B,9/28/19,11.4,7.47,4.6,52.1,34.56,15:23
H6,6C,9/28/19,11.4,7.47,4.62,52.2,34.57,15:24
H1,1A,9/29/19,11.9,7.79,7.12,81.8,34.59,11:19
H1,1B,9/29/19,12,7.82,7.51,86.7,34.59,11:20
H1,1C,9/29/19,12,7.82,7.38,85.3,34.59,11:21
H2,2A,9/29/19,11.6,7.75,6.69,76.2,34.59,11:22
H2,2B,9/29/19,11.6,7.75,6.66,76,34.59,11:23
H2,2C,9/29/19,11.7,7.76,6.64,76,34.58,11:24
H3,3A,9/29/19,11.1,7.63,5.5,61.6,34.58,11:25
H3,3B,9/29/19,11.2,7.64,5.65,64,34.58,11:27
H3,3C,9/29/19,11.2,7.67,5.76,65.3,34.58,11:28
H4,4A,9/29/19,10.8,7.57,4.85,54.6,34.58,11:30
H4,4B,9/29/19,10.9,7.56,4.74,53.2,34.58,11:31
H4,4C,9/29/19,10.9,7.57,4.82,54.2,34.57,11:32
H5,5A,9/29/19,10.7,7.54,4.72,52.9,34.57,11:34
H5,5B,9/29/19,10.8,7.52,4.54,51,34.58,11:35
H5,5C,9/29/19,10.8,7.53,4.62,52.1,34.57,11:37
H6,6A,9/29/19,10.6,7.48,4.48,50.2,34.57,11:38
H6,6B,9/29/19,10.8,7.49,4.62,52.1,34.57,11:39
H6,6C,9/29/19,10.8,7.49,4.65,52.3,34.57,11:41
H1,1A,9/30/19,12.2,7.79,7.13,82.6,34.53,12:32
H1,1B,9/30/19,12.2,7.8,7.06,81.7,34.53,12:33
H1,1C,9/30/19,12.3,7.81,7.12,82.6,34.54,12:34
H2,2A,9/30/19,11.9,7.73,6.35,73,34.53,12:35
H2,2B,9/30/19,11.9,7.74,6.33,73,34.53,12:37
H2,2C,9/30/19,11.9,7.75,6.52,74.9,34.53,12:38
H3,3A,9/30/19,11.4,7.62,5.29,60.1,34.53,12:39
H3,3B,9/30/19,11.4,7.63,5.52,62.6,34.53,12:40
H3,3C,9/30/19,11.5,7.65,5.51,62.8,34.53,12:41
H4,4A,9/30/19,11.1,7.55,4.7,53,34.53,12:42
H4,4B,9/30/19,11.2,7.56,4.78,54.2,34.52,12:43
H4,4C,9/30/19,11.2,7.56,4.77,54,34.53,12:44
H5,5A,9/30/19,11,7.5,4.44,50.1,34.52,12:45
H5,5B,9/30/19,11.1,7.52,4.61,52,34.52,12:46
H5,5C,9/30/19,11.1,7.52,4.54,51.4,34.52,12:47
H6,6A,9/30/19,11,7.46,4.41,49.8,34.52,12:48
H6,6B,9/30/19,11.1,7.47,4.64,52.5,34.52,12:49
H6,6C,9/30/19,11.1,7.48,4.62,52.1,34.53,12:50
H1,1A,10/1/19,12.1,7.75,7.64,88.5,34.53,14:42
H1,1B,10/1/19,12.1,7.78,7.53,87,34.52,14:44
H1,1C,10/1/19,12.2,7.78,7.42,85.7,34.52,14:45
H2,2A,10/1/19,11.8,7.69,6.56,75.2,34.52,14:46
H2,2B,10/1/19,11.8,7.73,6.84,78.6,34.51,14:47
H2,2C,10/1/19,11.8,7.74,6.87,78.9,34.51,14:51
H3,3A,10/1/19,11.3,7.63,5.82,66.2,34.51,14:55
H3,3B,10/1/19,11.3,7.65,5.83,66.2,34.51,14:57
H3,3C,10/1/19,11.3,7.65,5.82,66.2,34.5,14:58
H4,4A,10/1/19,11,7.55,5.17,58.3,34.51,15:01
H4,4B,10/1/19,11,7.56,5.06,57.2,34.51,15:03
H4,4C,10/1/19,11.1,7.57,5.05,58.4,34.5,15:05
H5,5A,10/1/19,10.9,7.52,4.9,55.2,34.5,15:06
H5,5B,10/1/19,11,7.53,4.87,54.9,34.5,15:07
H5,5C,10/1/19,11,7.52,4.78,53.9,34.5,15:09
H6,6A,10/1/19,10.8,7.47,4.64,52.1,34.5,15:10
H6,6B,10/1/19,11,7.48,4.76,53.9,34.5,15:11
H6,6C,10/1/19,11,7.45,4.87,54.9,34.5,15:13
H1,1A,10/2/19,11.9,7.71,7.33,84.6,34.55,10:58
H1,1B,10/2/19,11.9,7.75,7.14,82.3,34.55,11:00
H1,1C,10/2/19,12,7.76,7.04,81,34.54,11:01
H2,2A,10/2/19,11.6,7.7,6.38,72.9,34.54,11:03
H2,2B,10/2/19,11.6,7.7,6.32,72.2,34.54,11:04
H2,2C,10/2/19,11.6,7.73,6.45,74.2,34.54,11:05
H3,3A,10/2/19,11.1,7.61,5.38,60.9,34.53,11:06
H3,3B,10/2/19,11.1,7.62,5.47,62,34.53,11:07
H3,3C,10/2/19,11.2,7.64,5.59,63.4,34.52,11:09
H4,4A,10/2/19,10.8,7.52,4.45,50.2,34.52,11:10
H4,4B,10/2/19,10.8,7.55,4.75,53.4,34.52,11:11
H4,4C,10/2/19,10.9,7.55,4.71,53.2,34.52,11:12
H5,5A,10/2/19,10.6,7.51,4.61,51.5,34.52,11:14
H5,5B,10/2/19,10.8,7.51,4.5,50.7,34.53,11:16
H5,5C,10/2/19,10.8,7.51,4.47,50.2,34.52,11:17
H6,6A,10/2/19,10.7,7.46,4.5,50.6,34.52,11:18
H6,6B,10/2/19,10.9,7.46,4.64,52.3,34.52,11:20
H6,6C,10/2/19,10.8,7.46,4.53,50.9,34.52,11:21
H1,1A,10/3/19,13,7.77,7.03,82.6,34.53,12:47
H1,1B,10/3/19,13,7.8,7.33,86.4,34.53,12:45
H1,1C,10/3/19,13.1,7.82,7.29,86.2,34.51,12:46
H2,2A,10/3/19,12.4,7.71,6.23,72.2,34.52,12:48
H2,2B,10/3/19,12.4,7.75,6.49,75.6,34.52,12:49
H2,2C,10/3/19,12.5,7.76,6.62,77.2,34.52,12:50
H3,3A,10/3/19,11.7,7.62,5.33,61,34.52,12:52
H3,3B,10/3/19,11.8,7.68,5.44,62.4,34.52,12:53
H3,3C,10/3/19,11.8,7.67,5.67,65.3,34.52,12:54
H4,4A,10/3/19,11.3,7.57,4.49,50.7,34.51,12:55
H4,4B,10/3/19,11.3,7.57,4.76,54.1,34.51,12:56
H4,4C,10/3/19,11.3,7.58,4.79,54.4,34.5,12:57
H5,5A,10/3/19,10.9,7.53,4.6,51.7,34.51,12:58
H5,5B,10/3/19,11,7.52,4.41,50.2,34.51,13:00
H5,5C,10/3/19,11.1,7.52,4.4,49.9,34.51,13:01
H6,6A,10/3/19,10.8,7.48,4.33,48.7,34.51,13:02
H6,6B,10/3/19,10.9,7.48,4.35,49,34.51,13:03
H6,6C,10/3/19,10.9,7.47,4.23,47.6,34.51,13:04
H1,1A,10/4/19,13.2,7.8,7.59,89.7,34.51,12:23
H1,1B,10/4/19,13.2,7.8,7.47,88.5,34.52,12:24
H1,1C,10/4/19,13.3,7.82,7.55,89.5,34.52,12:25
H2,2A,10/4/19,12.6,7.71,6.77,79,34.52,12:26
H2,2B,10/4/19,12.6,7.73,7.08,82.4,34.52,12:27
H2,2C,10/4/19,12.6,7.74,6.91,81,34.52,12:28
H3,3A,10/4/19,11.8,7.63,6.34,72.7,34.52,12:29
H3,3B,10/4/19,11.8,7.62,6.31,72.4,34.51,12:31
H3,3C,10/4/19,11.8,7.64,6.38,73.1,34.51,12:31
H4,4A,10/4/19,11.3,7.55,5.76,65.3,34.51,12:32
H4,4B,10/4/19,11.3,7.57,5.75,65.5,34.51,12:33
H4,4C,10/4/19,11.4,7.56,5.56,63.3,34.5,12:34
H5,5A,10/4/19,11,7.51,5.52,62.5,34.5,12:35
H5,5B,10/4/19,11.1,7.51,5.44,61.5,34.5,12:36
H5,5C,10/4/19,11.2,7.51,5.48,62.1,34.51,12:37
H6,6A,10/4/19,10.8,7.46,5.32,60,34.5,12:38
H6,6B,10/4/19,10.9,7.46,5.31,59.9,34.49,12:39
H6,6C,10/4/19,11,7.46,5.14,58.4,34.51,12:40
H1,1A,10/5/19,12.8,7.79,7,81.9,34.5,12:30
H1,1B,10/5/19,12.8,7.8,7.14,83.6,34.5,12:31
H1,1C,10/5/19,12.9,7.82,7.38,86.3,34.5,12:32
H2,2A,10/5/19,12.3,7.72,6.47,75.2,34.5,12:33
H2,2B,10/5/19,12.3,7.75,6.73,78.2,34.49,12:34
H2,2C,10/5/19,12.3,7.75,6.87,79.5,34.5,12:35
H3,3A,10/5/19,11.6,7.62,5.63,64.5,34.49,12:36
H3,3B,10/5/19,11.6,7.64,5.84,66.9,34.49,12:37
H3,3C,10/5/19,11.6,7.66,6.05,69.2,34.49,12:38
H4,4A,10/5/19,11.1,7.57,5.16,58.4,34.49,12:39
H4,4B,10/5/19,11.2,7.57,5.13,58.1,34.49,12:40
H4,4C,10/5/19,11.3,7.57,5.13,58.2,34.49,12:42
H5,5A,10/5/19,10.9,7.53,5.01,56.2,34.49,12:43
H5,5B,10/5/19,11,7.53,4.9,55.1,34.49,12:44
H5,5C,10/5/19,11,7.53,4.94,55.8,34.49,12:45
H6,6A,10/5/19,10.8,7.48,4.78,53.9,34.48,12:46
H6,6B,10/5/19,11,7.49,4.87,55,34.49,12:47
H6,6C,10/5/19,11,7.49,4.91,55.8,34.48,12:48
H1,1A,10/6/19,12.5,7.81,6.89,80.5,34.51,10:59
H1,1B,10/6/19,12.5,7.54,7.11,82.7,34.51,11:01
H1,1C,10/6/19,12.7,7.83,7,81.8,34.5,11:03
H2,2A,10/6/19,12.1,7.74,6.24,71.9,34.51,11:04
H2,2B,10/6/19,12.1,7.77,6.51,75.2,34.5,11:06
H2,2C,10/6/19,12.2,7.78,6.52,75.5,34.49,11:07
H3,3A,10/6/19,11.5,7.64,5.4,61.6,34.52,11:11
H3,3B,10/6/19,11.5,7.68,5.63,64.2,34.5,11:13
H3,3C,10/6/19,11.6,7.7,5.76,65.8,34.49,11:15
H4,4A,10/6/19,11.1,7.58,4.79,54.1,34.5,11:18
H4,4B,10/6/19,11.1,7.6,4.94,56,34.49,11:20
H4,4C,10/6/19,11.2,7.6,4.92,55.7,34.49,11:21
H5,5A,10/6/19,10.9,7.55,4.72,53.1,34.49,11:23
H5,5B,10/6/19,11,7.54,4.65,52.4,34.49,11:25
H5,5C,10/6/19,11,7.55,4.73,53.3,34.49,11:28
H6,6A,10/6/19,10.8,7.49,4.5,50.5,34.48,11:29
H6,6B,10/6/19,10.9,7.49,4.55,51.1,34.49,11:31
H6,6C,10/6/19,11,7.5,4.82,54.5,34.49,11:32
H1,1A,10/7/19,12.9,7.76,7.11,83.5,34.5,12:51
H1,1B,10/7/19,12.9,7.81,7.49,87.2,34.52,12:52
H1,1C,10/7/19,13,7.81,7.37,86.6,34.52,12:52
H2,2A,10/7/19,12.4,7.72,6.45,74.8,34.53,12:53
H2,2B,10/7/19,12.4,7.74,6.61,76.8,34.52,12:54
H2,2C,10/7/19,12.4,7.76,6.7,78,34.51,12:55
H3,3A,10/7/19,11.7,7.63,5.72,64.7,34.51,12:56
H3,3B,10/7/19,11.7,7.65,5.72,65.4,34.51,12:57
H3,3C,10/7/19,11.8,7.66,5.73,65.9,34.51,12:58
H4,4A,10/7/19,11.3,7.56,4.91,55.7,34.51,12:59
H4,4B,10/7/19,11.4,7.57,4.99,56.8,34.51,13:00
H4,4C,10/7/19,11.4,7.58,5.06,57.9,34.51,13:01
H5,5A,10/7/19,11.1,7.54,4.9,55.2,34.5,13:02
H5,5B,10/7/19,11.2,7.52,4.76,53.7,34.51,13:03
H5,5C,10/7/19,11.2,7.52,4.71,53.5,34.51,13:04
H6,6A,10/7/19,11.1,7.48,4.8,54.2,34.5,13:05
H6,6B,10/7/19,11.3,7.47,4.82,54.7,34.48,13:06
H6,6C,10/7/19,11.3,7.48,4.89,55.3,34.51,13:07
H1,1A,10/8/19,12.6,7.76,7.72,90.1,34.53,10:59
H1,1B,10/8/19,12.6,7.79,7.82,91.2,34.53,11:00
H1,1C,10/8/19,12.7,7.81,7.85,91.7,34.53,11:01
H2,2A,10/8/19,12,7.71,7.01,80.9,34.54,11:02
H2,2B,10/8/19,12,7.71,7.11,82,34.53,11:02
H2,2C,10/8/19,12,7.74,7.26,83.5,34.53,11:03
H3,3A,10/8/19,11.4,7.64,6.61,74.9,34.54,11:04
H3,3B,10/8/19,11.4,7.65,6.62,75.3,34.53,11:05
H3,3C,10/8/19,11.4,7.66,6.62,75.3,34.51,11:06
H4,4A,10/8/19,10.9,7.58,6.14,69.2,34.53,11:07
H4,4B,10/8/19,11,7.58,6.04,68.1,34.51,11:07
H4,4C,10/8/19,11,7.58,5.97,67.4,34.51,11:08
H5,5A,10/8/19,10.6,7.55,6.18,69.1,34.52,11:09
H5,5B,10/8/19,10.8,7.53,5.78,64.8,34.51,11:10
H5,5C,10/8/19,10.8,7.53,5.69,64,34.51,11:11
H6,6A,10/8/19,10.5,7.5,5.57,62.2,34.51,11:12
H6,6B,10/8/19,10.6,7.49,5.45,61.1,34.51,11:12
H6,6C,10/8/19,10.6,7.49,5.5,61.6,34.51,11:13
H1,1A,10/9/19,12.5,7.79,7.94,92.5,34.52,11:40
H1,1B,10/9/19,12.5,7.77,8.18,95,34.53,11:41
H1,1C,10/9/19,12.6,7.79,8.12,94.6,34.53,11:42
H2,2A,10/9/19,11.9,7.7,7.08,81.6,34.53,11:44
H2,2B,10/9/19,11.9,7.72,7.59,87.4,34.53,11:45
H2,2C,10/9/19,12,7.72,7.45,85.9,34.53,11:46
H3,3A,10/9/19,11.3,7.6,6.61,75.1,34.54,11:47
H3,3B,10/9/19,11.3,7.63,6.84,77.7,34.53,11:48
H3,3C,10/9/19,11.3,7.65,7.01,79.3,34.53,11:49
H4,4A,10/9/19,10.8,7.54,5.81,66.9,34.53,11:50
H4,4B,10/9/19,10.8,7.56,6.06,68.1,34.53,11:51
H4,4C,10/9/19,10.9,7.57,5.95,67,34.52,11:52
H5,5A,10/9/19,10.5,7.53,5.96,66.5,34.53,11:53
H5,5B,10/9/19,10.6,7.51,5.83,65.3,34.53,11:54
H5,5C,10/9/19,10.6,7.51,5.84,65.4,34.53,11:55
H6,6A,10/9/19,10.5,7.5,5.73,63.8,34.52,11:57
H6,6B,10/9/19,10.7,7.5,5.72,64.1,34.53,11:58
H6,6C,10/9/19,10.6,7.5,5.54,64,34.52,11:59
H1,1A,10/10/19,12.3,7.8,7.57,87.9,34.54,12:28
H1,1B,10/10/19,12.3,7.82,7.72,89.5,34.54,12:29
H1,1C,10/10/19,12.4,7.81,7.67,89.2,34.54,12:30
H2,2A,10/10/19,11.8,7.75,7.07,81.2,34.54,12:34
H2,2B,10/10/19,11.8,7.75,6.93,79.6,34.54,12:35
H2,2C,10/10/19,11.9,7.77,7.31,84,34.53,12:36
H3,3A,10/10/19,11.1,7.67,6.43,72.8,34.53,12:40
H3,3B,10/10/19,11.2,7.66,6.32,71.6,34.53,12:41
H3,3C,10/10/19,11.2,7.67,6.26,70.9,34.53,12:42
H4,4A,10/10/19,10.6,7.57,5.55,62.2,34.53,12:46
H4,4B,10/10/19,10.7,7.59,5.61,62.9,34.53,12:47
H4,4C,10/10/19,10.7,7.56,5.4,60.6,34.53,12:48
H5,5A,10/10/19,10.4,7.54,5.28,58.8,34.52,12:51
H5,5B,10/10/19,10.5,7.54,5.25,58.7,34.53,12:52
H5,5C,10/10/19,10.5,7.53,5.14,57.5,34.53,12:53
H6,6A,10/10/19,10.3,7.49,5.08,56.4,34.52,12:57
H6,6B,10/10/19,10.4,7.49,5.15,57.4,34.52,12:57
H6,6C,10/10/19,10.5,7.51,5.33,59.5,34.52,12:58
H1,1A,10/11/19,12.4,7.78,7.27,84.6,34.54,12:39
H1,1B,10/11/19,12.4,7.8,7.42,86.3,34.55,12:40
H1,1C,10/11/19,12.5,7.8,7.32,85.3,34.55,12:41
H2,2A,10/11/19,12,7.75,6.1,70.4,34.55,12:42
H2,2B,10/11/19,12,7.76,6.29,72.4,34.55,12:43
H2,2C,10/11/19,12.1,7.75,6.71,77.5,34.55,12:43
H3,3A,10/11/19,11.4,7.66,6.05,68.8,34.57,12:45
H3,3B,10/11/19,11.4,7.66,5.88,67,34.55,12:45
H3,3C,10/11/19,11.5,7.66,5.97,68,34.55,12:47
H4,4A,10/11/19,10.9,7.56,5.11,57.6,34.53,12:48
H4,4B,10/11/19,11,7.56,5.15,58.1,34.54,12:49
H4,4C,10/11/19,11,7.55,5.05,56.7,34.54,12:50
H5,5A,10/11/19,10.7,7.55,5.17,58,34.54,12:51
H5,5B,10/11/19,10.8,7.58,5.02,56.4,34.54,12:52
H5,5C,10/11/19,10.8,7.57,4.9,55.1,34.53,12:53
H6,6A,10/11/19,10.7,7.51,5.27,59.1,34.54,12:54
H6,6B,10/11/19,10.8,7.48,5.06,57,34.52,12:55
H6,6C,10/11/19,10.8,7.49,5.17,58.1,34.53,12:56
H1,1A,10/12/19,12.6,7.74,6.67,78.8,34.56,14:15
H1,1B,10/12/19,12.6,7.76,7.03,82.1,34.57,14:16
H1,1C,10/12/19,12.8,7.77,7.03,82,34.56,14:17
H2,2A,10/12/19,12.2,7.71,6.42,74.2,34.56,14:19
H2,2B,10/12/19,12.2,7.7,6.34,73.5,34.56,14:20
H2,2C,10/12/19,12.3,7.72,6.54,75.8,34.56,14:21
H3,3A,10/12/19,11.7,7.63,5.96,68.3,34.56,14:22
H3,3B,10/12/19,11.6,7.61,5.66,64.3,34.55,14:23
H3,3C,10/12/19,11.7,7.62,5.78,66.3,34.55,14:24
H4,4A,10/12/19,11.2,7.53,5.19,59,34.56,14:25
H4,4B,10/12/19,11.3,7.55,5.2,59.1,34.55,14:26
H4,4C,10/12/19,11.3,7.54,5.25,59.8,34.55,14:27
H5,5A,10/12/19,11,7.48,4.77,54.2,34.55,14:28
H5,5B,10/12/19,11.1,7.49,4.97,56.4,34.55,14:30
H5,5C,10/12/19,11.1,7.48,4.92,55.8,34.55,14:31
H6,6A,10/12/19,11,7.47,5.17,58.3,34.54,14:32
H6,6B,10/12/19,11,7.45,4.82,54.6,34.54,14:33
H6,6C,10/12/19,11.1,7.45,4.7,53,34.55,14:34
H1,1A,10/13/19,12.4,7.75,7.23,84.1,34.58,11:59
H1,1B,10/13/19,12.4,7.77,7.26,84.3,34.58,12:00
H1,1C,10/13/19,12.4,7.78,7.24,84.1,34.57,12:01
H2,2A,10/13/19,11.9,7.72,6.67,76.8,34.57,12:02
H2,2B,10/13/19,11.9,7.72,6.61,75.9,34.57,12:03
H2,2C,10/13/19,11.9,7.74,6.64,76.3,34.56,12:04
H3,3A,10/13/19,11.2,7.63,5.84,66.2,34.57,12:05
H3,3B,10/13/19,11,7.64,5.79,65.5,34.56,12:06
H3,3C,10/13/19,11.2,7.64,5.76,65.3,34.56,12:07
H4,4A,10/13/19,10.8,7.56,5.12,57.3,34.56,12:08
H4,4B,10/13/19,10.8,7.56,5.04,56.6,34.56,12:09
H4,4C,10/13/19,10.9,7.56,5.01,56.2,34.56,12:10
H5,5A,10/13/19,10.5,7.51,4.89,54.6,34.55,12:11
H5,5B,10/13/19,10.6,7.5,4.78,53.2,34.56,12:12
H5,5C,10/13/19,10.7,7.51,4.76,53.3,34.56,12:13
H6,6A,10/13/19,10.4,7.46,4.67,52,34.55,12:14
H6,6B,10/13/19,10.5,7.46,4.63,51.7,34.57,12:16
H6,6C,10/13/19,10.5,7.47,4.71,52.7,34.57,12:17
H1,1A,10/14/19,12.1,7.73,7.4,85.5,34.58,11:58
H1,1B,10/14/19,12.1,7.75,7.45,86,34.58,11:58
H1,1C,10/14/19,12.2,7.76,7.31,84.7,34.58,11:59
H2,2A,10/14/19,11.7,7.7,6.69,76.6,34.58,12:00
H2,2B,10/14/19,11.7,7.71,6.76,77.5,34.57,12:01
H2,2C,10/14/19,11.7,7.71,6.81,78.1,34.57,12:02
H3,3A,10/14/19,11.1,7.62,5.92,66.9,34.57,12:03
H3,3B,10/14/19,11.1,7.61,5.88,66.3,34.57,12:04
H3,3C,10/14/19,11.1,7.61,5.91,66.3,34.57,12:04
H4,4A,10/14/19,10.6,7.53,5.11,57.2,34.57,12:05
H4,4B,10/14/19,10.7,7.53,5.16,57.9,34.56,12:05
H4,4C,10/14/19,10.7,7.53,5.08,57,34.57,12:07
H5,5A,10/14/19,10.4,7.49,4.95,55.2,34.56,12:08
H5,5B,10/14/19,10.7,7.47,4.99,55.9,34.57,12:09
H5,5C,10/14/19,10.7,7.47,4.96,55.7,34.57,12:10
H6,6A,10/14/19,10.3,7.43,4.81,53.4,34.56,12:11
H6,6B,10/14/19,10.5,7.44,4.86,54.1,34.56,12:11
H6,6C,10/14/19,10.5,7.44,4.95,55.2,34.56,12:12
H1,1A,10/15/19,12.4,7.75,7.24,84.4,34.58,13:48
H1,1B,10/15/19,12.4,7.74,7.67,88.8,34.58,13:49
H1,1C,10/15/19,12.5,7.76,7.72,89.8,34.59,13:50
H2,2A,10/15/19,11.9,7.68,6.84,78.7,34.58,13:52
H2,2B,10/15/19,11.9,7.69,6.82,78.6,34.58,13:54
H2,2C,10/15/19,11.9,7.72,6.98,80.5,34.57,13:55
H3,3A,10/15/19,11.2,7.61,5.74,64.8,34.57,13:57
H3,3B,10/15/19,11.2,7.61,5.72,64.7,34.57,13:59
H3,3C,10/15/19,11.2,7.62,5.81,65.9,34.57,14:00
H4,4A,10/15/19,10.7,7.54,5.2,58.2,34.57,14:02
H4,4B,10/15/19,10.8,7.55,5.12,57.5,34.56,14:03
H4,4C,10/15/19,10.8,7.55,5.16,58,34.57,14:05
H5,5A,10/15/19,10.4,7.48,4.78,53.2,34.56,14:06
H5,5B,10/15/19,10.5,7.49,4.64,52,34.56,14:08
H5,5C,10/15/19,10.5,7.5,4.71,52.7,34.56,14:09
H6,6A,10/15/19,10.3,7.46,4.63,51.4,34.55,14:10
H6,6B,10/15/19,10.5,7.47,4.81,53.6,34.56,14:11
H6,6C,10/15/19,10.5,7.47,4.88,54.5,34.56,14:12
H1,1A,10/16/19,12.3,7.72,7.37,83.5,34.58,12:17
H1,1B,10/16/19,12.2,7.74,7.55,87.4,34.58,12:19
H1,1C,10/16/19,12.3,7.77,7.77,90.2,34.6,12:19
H2,2A,10/16/19,11.7,7.69,6.75,77.3,34.59,12:21
H2,2B,10/16/19,11.7,7.71,6.92,79.1,34.59,12:22
H2,2C,10/16/19,11.7,7.71,6.92,79.4,34.59,12:23
H3,3A,10/16/19,11,7.61,5.93,66.9,34.59,12:25
H3,3B,10/16/19,10.9,7.61,5.84,66.9,34.58,12:26
H3,3C,10/16/19,11,7.61,5.83,65.8,34.58,12:27
H4,4A,10/16/19,10.5,7.51,4.95,55.3,34.57,12:28
H4,4B,10/16/19,10.5,7.52,4.98,55.7,34.58,12:29
H4,4C,10/16/19,10.6,7.53,5.02,56.3,34.58,12:31
H5,5A,10/16/19,10.1,7.47,4.65,51.6,34.58,12:32
H5,5B,10/16/19,10.2,7.47,4.64,51.3,34.58,12:33
H5,5C,10/16/19,10.3,7.47,4.52,50.4,34.56,12:34
H6,6A,10/16/19,10.1,7.45,4.71,52.3,34.58,12:35
H6,6B,10/16/19,10.2,7.42,4.36,48.5,34.57,12:36
H6,6C,10/16/19,10.2,7.44,4.7,52.1,34.57,12:37
H1,1A,10/17/19,12.3,7.73,7.13,82.8,34.58,12:42
H1,1B,10/17/19,12.3,7.74,6.97,80.9,34.59,12:43
H1,1C,10/17/19,12.4,7.76,7.16,83.3,34.58,12:45
H2,2A,10/17/19,11.9,7.66,6.02,69.3,34.58,12:46
H2,2B,10/17/19,11.9,7.67,6.17,71,34.56,12:47
H2,2C,10/17/19,12,7.72,6.62,76.3,34.59,12:48
H3,3A,10/17/19,11.3,7.62,5.79,65.8,34.58,12:49
H3,3B,10/17/19,11.3,7.61,5.63,63.9,34.59,12:50
H3,3C,10/17/19,11.4,7.62,5.72,65.1,34.58,12:51
H4,4A,10/17/19,10.9,7.5,4.82,54.4,34.58,12:52
H4,4B,10/17/19,11,7.54,5.01,55.6,34.58,12:53
H4,4C,10/17/19,11,7.53,4.98,56.2,34.58,12:54
H5,5A,10/17/19,10.6,7.47,4.57,51,34.58,12:56
H5,5B,10/17/19,10.7,7.48,4.61,51.7,34.58,12:57
H5,5C,10/17/19,10.7,7.47,4.42,49.9,34.59,12:58
H6,6A,10/17/19,10.4,7.42,4.5,50.1,34.57,13:00
H6,6B,10/17/19,10.5,7.41,4.28,47.8,34.58,13:01
H6,6C,10/17/19,10.5,7.4,4.18,46.3,34.58,13:02
H1,1A,10/18/19,12.5,7.76,8.22,95.8,34.61,13:22
H1,1B,10/18/19,12.5,7.76,8.01,93.7,34.62,13:23
H1,1C,10/18/19,12.6,7.78,8.21,95.9,34.62,13:24
H2,2A,10/18/19,11.8,7.67,7.08,81.4,34.61,13:25
H2,2B,10/18/19,11.8,7.69,7.21,82.8,34.61,13:25
H2,2C,10/18/19,11.9,7.7,7.3,83.9,34.61,13:27
H3,3A,10/18/19,11.1,7.62,6.53,73.8,34.61,13:28
H3,3B,10/18/19,11.1,7.61,6.31,71.1,34.61,13:29
H3,3C,10/18/19,11.1,7.61,6.38,72.2,34.61,13:30
H4,4A,10/18/19,10.6,7.51,5.43,60.2,34.62,13:31
H4,4B,10/18/19,10.6,7.51,5.21,58.6,34.61,13:32
H4,4C,10/18/19,10.8,7.54,5.23,62.1,34.61,13:32
H5,5A,10/18/19,10.3,7.49,5.21,57.9,34.61,13:34
H5,5B,10/18/19,10.3,7.49,5.07,56.6,34.61,13:34
H5,5C,10/18/19,10.4,7.47,4.9,54.5,34.6,13:35
H6,6A,10/18/19,10,7.42,4.68,51.7,34.6,13:37
H6,6B,10/18/19,10.2,7.41,4.65,51.7,34.6,13:37
H6,6C,10/18/19,10.1,7.41,4.64,51.4,34.6,13:38
H1,1A,10/19/19,12.4,7.74,8.33,96.7,34.59,14:02
H1,1B,10/19/19,12.5,7.76,8.48,97.9,34.61,14:03
H1,1C,10/19/19,12.6,7.78,8.51,99.5,34.61,14:05
H2,2A,10/19/19,11.8,7.69,7.33,83.7,34.6,14:06
H2,2B,10/19/19,11.7,7.67,7.08,81.5,34.6,14:07
H2,2C,10/19/19,11.8,7.7,7.43,85.2,34.6,14:08
H3,3A,10/19/19,10.9,7.62,6.55,73.8,34.6,14:09
H3,3B,10/19/19,10.9,7.61,6.45,72.7,34.6,14:10
H3,3C,10/19/19,11,7.62,6.49,73.3,34.59,14:11
H4,4A,10/19/19,10.3,7.5,5.22,57.9,34.6,14:13
H4,4B,10/19/19,10.3,7.51,5.15,57.5,34.6,14:14
H4,4C,10/19/19,10.4,7.51,5.16,57.3,34.59,14:14
H5,5A,10/19/19,10,7.48,5.08,56.3,34.59,14:16
H5,5B,10/19/19,10.1,7.47,4.85,53.7,34.59,14:17
H5,5C,10/19/19,10.2,7.48,4.89,54.1,34.59,14:17
H6,6A,10/19/19,9.7,7.44,4.69,51.5,34.59,14:19
H6,6B,10/19/19,9.8,7.41,4.5,49.6,34.59,14:20
H6,6C,10/19/19,9.8,7.4,4.33,47.6,34.59,14:21
H1,1A,10/20/19,12.5,7.76,8.56,99.8,34.6,10:46
H1,1B,10/20/19,12.5,7.79,8.76,102.2,34.6,10:47
H1,1C,10/20/19,12.6,7.77,8.45,98.7,34.6,10:48
H2,2A,10/20/19,11.8,7.72,7.66,88,34.6,10:49
H2,2B,10/20/19,11.8,7.7,7.42,85.3,34.6,10:50
H2,2C,10/20/19,11.9,7.72,7.6,87.3,34.6,10:51
H3,3A,10/20/19,11,7.63,6.44,72.6,34.6,10:52
H3,3B,10/20/19,11,7.6,6.13,69.1,34.59,10:53
H3,3C,10/20/19,11,7.61,6.17,69.4,34.59,10:54
H4,4A,10/20/19,10.4,7.53,5.26,58.4,34.58,10:55
H4,4B,10/20/19,10.4,7.53,5.2,57.8,34.59,10:56
H4,4C,10/20/19,10.5,7.54,5.3,59.1,34.59,10:56
H5,5A,10/20/19,10,7.5,5.04,55.5,34.59,10:57
H5,5B,10/20/19,10.1,7.48,4.88,53.9,34.58,10:58
H5,5C,10/20/19,10.2,7.47,4.73,52,34.59,10:59
H6,6A,10/20/19,9.1,7.44,4.58,50.2,34.6,11:00
H6,6B,10/20/19,9.9,7.41,4.18,46,34.58,11:01
H6,6C,10/20/19,9.8,7.42,4.34,47.9,34.58,11:02
H1,1A,10/21/19,12.5,7.73,8.6,100.1,34.61,10:06
H1,1B,10/21/19,12.4,7.75,8.65,100.7,34.61,10:07
H1,1C,10/21/19,12.5,7.76,8.57,99.9,34.61,10:07
H2,2A,10/21/19,11.7,7.68,7.54,86.4,34.6,10:08
H2,2B,10/21/19,11.7,7.68,7.44,85.3,34.61,10:09
H2,2C,10/21/19,11.8,7.68,7.37,84.6,34.6,10:10
H3,3A,10/21/19,10.9,7.6,6.46,72.9,34.6,10:11
H3,3B,10/21/19,11,7.59,6.2,70,34.6,10:12
H3,3C,10/21/19,11,7.59,6.26,70.7,34.6,10:13
H4,4A,10/21/19,10.4,7.52,5.38,59.9,34.6,10:14
H4,4B,10/21/19,10.4,7.52,5.21,58,34.6,10:15
H4,4C,10/21/19,10.5,7.52,5.37,60,34.6,10:15
H5,5A,10/21/19,10.1,7.48,5.06,56.1,34.59,10:16
H5,5B,10/21/19,10.3,7.47,4.91,54.5,34.59,10:17
H5,5C,10/21/19,10.3,7.47,4.79,53.2,34.59,10:18
H6,6A,10/21/19,9.9,7.44,4.66,51.3,34.57,10:20
H6,6B,10/21/19,10,7.43,4.67,51.6,34.59,10:20
H6,6C,10/21/19,10,7.43,4.67,51.5,34.58,10:21
H1,1A,10/22/19,12.5,7.74,7.11,82.4,34.6,12:10
H1,1B,10/22/19,12.4,7.77,7.24,84.5,34.6,12:12
H1,1C,10/22/19,12.5,7.76,6.89,81.6,34.6,12:13
H2,2A,10/22/19,12,7.7,6.53,74.4,34.59,12:15
H2,2B,10/22/19,12,7.71,6.39,73.5,34.59,12:16
H2,2C,10/22/19,12.1,7.71,6.35,73.3,34.59,12:17
H3,3A,10/22/19,11.4,7.63,5.83,66.3,34.59,12:18
H3,3B,10/22/19,11.4,7.62,5.64,64.1,34.58,12:19
H3,3C,10/22/19,11.5,7.62,5.64,64.3,34.59,12:20
H4,4A,10/22/19,11,7.56,5.07,57.5,34.59,12:22
H4,4B,10/22/19,11.1,7.55,5.07,57,34.59,12:22
H4,4C,10/22/19,11.1,7.55,5.09,57.5,34.58,12:23
H5,5A,10/22/19,10.7,7.49,4.67,52.3,34.58,12:25
H5,5B,10/22/19,10.9,7.49,4.62,51.8,34.58,12:27
H5,5C,10/22/19,10.9,7.49,4.65,52.4,34.58,12:28
H6,6A,10/22/19,10.7,7.47,4.83,54.2,34.57,12:30
H6,6B,10/22/19,10.8,7.47,4.81,54.1,34.57,12:31
H6,6C,10/22/19,10.8,7.48,4.82,54.3,34.58,12:32
H1,1A,10/23/19,12.3,7.77,7.26,84.1,34.57,10:41
H1,1B,10/23/19,12.3,7.78,7.28,84.3,34.57,10:42
H1,1C,10/23/19,12.4,7.78,7.2,83.7,34.58,10:43
H2,2A,10/23/19,11.8,7.71,6.6,75.5,34.58,10:43
H2,2B,10/23/19,11.8,7.72,6.52,74.6,34.57,10:44
H2,2C,10/23/19,11.8,7.7,6.5,74.5,34.57,10:45
H3,3A,10/23/19,11.2,7.64,5.91,66.9,34.57,10:46
H3,3B,10/23/19,11.2,7.65,5.83,66.1,34.57,10:47
H3,3C,10/23/19,11.3,7.64,5.81,66,34.57,10:48
H4,4A,10/23/19,10.8,7.54,5.14,57.8,34.57,10:49
H4,4B,10/23/19,10.9,7.55,5.16,57.5,34.57,10:50
H4,4C,10/23/19,11,7.57,5.22,58.9,34.57,10:51
H5,5A,10/23/19,10.5,7.5,4.84,53.9,34.56,10:52
H5,5B,10/23/19,10.6,7.47,4.6,51.4,34.56,10:53
H5,5C,10/23/19,10.6,7.5,4.66,52.2,34.56,10:54
H6,6A,10/23/19,10.4,7.46,4.64,51.6,34.56,10:55
H6,6B,10/23/19,10.5,7.46,4.68,52.2,34.56,10:55
H6,6C,10/23/19,10.5,7.45,4.55,50.8,34.56,10:56
H1,1A,10/24/19,12.5,7.77,7.59,88.5,34.59,13:28
H1,1B,10/24/19,12.5,7.77,7.67,89.4,34.59,13:29
H1,1C,10/24/19,12.6,7.76,7.5,88.9,34.58,13:30
H2,2A,10/24/19,12,7.72,7.21,83.2,34.58,13:31
H2,2B,10/24/19,12,7.69,6.85,79.8,34.58,13:32
H2,2C,10/24/19,12.1,7.72,7.25,83.7,34.58,13:33
H3,3A,10/24/19,11.4,7.63,6.38,72.6,34.58,13:34
H3,3B,10/24/19,11.4,7.61,6.12,69.5,34.57,13:35
H3,3C,10/24/19,11.4,7.63,6.36,72.5,34.57,13:35
H4,4A,10/24/19,10.9,7.54,5.6,63.2,34.58,13:36
H4,4B,10/24/19,11,7.56,5.78,65.2,34.57,13:37
H4,4C,10/24/19,11.1,7.56,5.74,64.8,34.57,13:38
H5,5A,10/24/19,10.6,7.49,5.26,58.9,34.56,13:39
H5,5B,10/24/19,10.7,7.47,4.93,55.3,34.57,13:40
H5,5C,10/24/19,10.7,7.49,5.16,57.8,34.57,13:41
H6,6A,10/24/19,10.4,7.47,5.12,57.1,34.56,13:42
H6,6B,10/24/19,10.6,7.46,5.05,56.4,34.57,13:42
H6,6C,10/24/19,10.6,7.46,5.14,57.4,34.57,13:43
H1,1A,10/25/19,12.8,7.77,7.14,83.1,34.58,11:59
H1,1B,10/25/19,12.8,7.78,7.1,83,34.58,12:00
H1,1C,10/25/19,12.9,7.78,6.99,82,34.58,12:01
H2,2A,10/25/19,12.3,7.72,6.47,74.9,34.58,12:02
H2,2B,10/25/19,12.2,7.71,6.31,73.2,34.57,12:03
H2,2C,10/25/19,12.3,7.73,6.5,75.2,34.58,12:04
H3,3A,10/25/19,11.7,7.63,5.62,64.4,34.58,12:05
H3,3B,10/25/19,11.7,7.61,5.35,61.2,34.57,12:06
H3,3C,10/25/19,11.8,7.63,5.59,64,34.57,12:07
H4,4A,10/25/19,11.3,7.56,4.99,56.4,34.57,12:08
H4,4B,10/25/19,11.3,7.56,4.93,56.1,34.57,12:09
H4,4C,10/25/19,11.4,7.56,4.99,56.7,34.57,12:10
H5,5A,10/25/19,11,7.49,4.62,52.1,34.57,12:11
H5,5B,10/25/19,11.1,7.48,4.39,49.7,34.57,12:13
H5,5C,10/25/19,11.1,7.5,4.6,52,34.57,12:13
H6,6A,10/25/19,10.9,7.48,4.67,52.6,34.56,12:15
H6,6B,10/25/19,11,7.46,4.6,52,34.57,12:16
H6,6C,10/25/19,11,7.47,4.59,51.7,34.57,12:17
H1,1A,10/26/19,12.6,7.76,7.31,85.4,34.58,11:08
H1,1B,10/26/19,12.6,7.76,7.24,84.8,34.59,11:10
H1,1C,10/26/19,12.8,7.78,7.32,85.7,34.59,11:11
H2,2A,10/26/19,12.1,7.7,6.61,76.3,34.58,11:12
H2,2B,10/26/19,12.1,7.72,6.74,77.8,34.58,11:13
H2,2C,10/26/19,12.1,7.72,6.78,78.5,34.58,11:14
H3,3A,10/26/19,11.5,7.64,6.01,68.3,34.59,11:15
H3,3B,10/26/19,11.4,7.66,5.76,65.7,34.58,11:15
H3,3C,10/26/19,11.4,7.62,5.78,65.7,34.58,11:16
H4,4A,10/26/19,11,7.53,4.9,55.2,34.58,11:18
H4,4B,10/26/19,11,7.54,4.99,56.4,34.58,11:19
H4,4C,10/26/19,11.1,7.54,4.93,55.8,34.58,11:20
H5,5A,10/26/19,10.6,7.49,4.61,51.6,34.58,11:21
H5,5B,10/26/19,10.7,7.48,4.58,50.8,34.58,11:22
H5,5C,10/26/19,10.8,7.5,4.66,52.4,34.58,11:22
H6,6A,10/26/19,10.6,7.46,4.91,55.1,34.57,11:24
H6,6B,10/26/19,10.9,7.45,4.72,53.2,34.58,11:25
H6,6C,10/26/19,10.9,7.46,4.96,55.8,34.56,11:26
H1,1A,10/27/19,12.3,7.74,7.55,87.2,34.56,12:38
H1,1B,10/27/19,12.3,7.76,7.47,86.6,34.58,12:39
H1,1C,10/27/19,12.5,7.79,7.82,91.2,34.57,12:40
H2,2A,10/27/19,11.8,7.71,6.98,80.2,34.58,12:41
H2,2B,10/27/19,11.8,7.72,7.1,81.4,34.58,12:42
H2,2C,10/27/19,11.9,7.73,7.15,82.2,34.57,12:42
H3,3A,10/27/19,11.2,7.64,6.35,72,34.57,12:43
H3,3B,10/27/19,11.2,7.63,6.19,69.9,34.57,12:44
H3,3C,10/27/19,11.2,7.64,6.21,70.4,34.57,12:45
H4,4A,10/27/19,10.7,7.52,5.23,58.5,34.58,12:46
H4,4B,10/27/19,10.8,7.56,5.5,61.8,34.57,12:47
H4,4C,10/27/19,10.8,7.55,5.47,61.4,34.58,12:48
H5,5A,10/27/19,10.4,7.49,5.02,55.7,34.56,12:49
H5,5B,10/27/19,10.5,7.49,4.94,55,34.57,12:50
H5,5C,10/27/19,10.5,7.49,5.06,56.4,34.57,12:51
H6,6A,10/27/19,10.2,7.46,4.86,53.9,34.56,12:52
H6,6B,10/27/19,10.4,7.45,4.62,51.7,34.56,12:54
H6,6C,10/27/19,10.3,7.46,4.84,53.6,34.57,12:54
H1,1A,10/28/19,12.1,7.76,8.1,93.5,34.61,11:44
H1,1B,10/28/19,12.1,7.79,8.36,96.6,34.61,11:45
H1,1C,10/28/19,12.2,7.79,8.23,95.3,34.6,11:46
H2,2A,10/28/19,11.4,7.7,7.25,82.5,34.6,11:47
H2,2B,10/28/19,11.4,7.7,7.19,81.9,34.6,11:48
H2,2C,10/28/19,11.4,7.72,7.1,81.9,34.6,11:49
H3,3A,10/28/19,10.8,7.64,6.37,71.5,34.6,11:50
H3,3B,10/28/19,10.8,7.62,6.19,69.6,34.6,11:51
H3,3C,10/28/19,10.8,7.63,6.16,69.2,34.6,11:52
H4,4A,10/28/19,10.3,7.56,5.52,61.4,34.6,11:53
H4,4B,10/28/19,10.4,7.56,5.54,61.8,34.59,11:54
H4,4C,10/28/19,10.5,7.58,5.61,62.7,34.6,11:54
H5,5A,10/28/19,10,7.5,4.94,54.4,34.59,11:55
H5,5B,10/28/19,10,7.5,5.09,56.1,34.59,11:56
H5,5C,10/28/19,10.1,7.5,5.04,55.7,34.59,11:57
H6,6A,10/28/19,9.4,7.43,4.4,48.8,34.58,11:58
H6,6B,10/28/19,9.5,7.41,4.12,44.9,34.57,11:59
H6,6C,10/28/19,9.5,7.42,4.28,44.8,34.58,12:00
H1,1A,10/29/19,11.8,7.79,7.66,87.7,34.6,11:28
H1,1B,10/29/19,11.8,7.8,7.8,89.6,34.62,11:29
H1,1C,10/29/19,11.9,7.79,7.61,88,34.61,11:30
H2,2A,10/29/19,11.3,7.72,6.91,78.5,34.6,11:31
H2,2B,10/29/19,11.3,7.74,7.09,80.6,34.61,11:32
H2,2C,10/29/19,11.4,7.74,7.11,81,34.6,11:33
H3,3A,10/29/19,10.7,7.65,6.22,69.8,34.6,11:34
H3,3B,10/29/19,10.7,7.64,9.05,67.9,34.61,11:35
H3,3C,10/29/19,10.7,7.64,6.16,68.8,34.61,11:36
H4,4A,10/29/19,10.3,7.57,5.37,59.8,34.6,11:37
H4,4B,10/29/19,10.4,7.56,5.25,58.5,34.6,11:38
H4,4C,10/29/19,10.4,7.56,5.32,58.8,34.6,11:38
H5,5A,10/29/19,9.9,7.5,4.88,53.8,34.59,11:39
H5,5B,10/29/19,10,7.5,4.89,54,34.59,11:40
H5,5C,10/29/19,10.1,7.5,4.91,54.3,34.59,11:41
H6,6A,10/29/19,9.7,7.45,4.59,50.3,34.6,11:42
H6,6B,10/29/19,9.8,7.45,4.51,49.6,34.59,11:43
H6,6C,10/29/19,9.7,7.45,4.65,51.1,34.59,11:43
H1,1A,10/30/19,11.9,7.78,7.8,89.6,34.58,11:55
H1,1B,10/30/19,11.9,7.81,8.18,94.1,34.58,11:56
H1,1C,10/30/19,12.1,7.8,7.86,90.6,34.58,11:57
H2,2A,10/30/19,11.4,7.72,7.01,79.3,34.58,11:58
H2,2B,10/30/19,11.3,7.68,6.75,76.6,34.58,11:59
H2,2C,10/30/19,11.4,7.72,7.01,79.9,34.58,12:01
H3,3A,10/30/19,10.7,7.65,6.25,70.1,34.57,12:02
H3,3B,10/30/19,10.7,7.63,5.85,63.6,34.57,12:03
H3,3C,10/30/19,10.8,7.65,6.41,71.2,34.57,12:04
H4,4A,10/30/19,10.2,7.55,5.39,59.8,34.57,12:05
H4,4B,10/30/19,10.3,7.57,5.51,60.8,34.57,12:06
H4,4C,10/30/19,10.3,7.58,5.53,61.6,34.57,12:08
H5,5A,10/30/19,9.9,7.52,5.24,57.8,34.57,12:09
H5,5B,10/30/19,10,7.5,4.94,54.5,34.57,12:10
H5,5C,10/30/19,10,7.51,5.09,56.3,34.57,12:11
H6,6A,10/30/19,9.6,7.47,4.96,54.3,34.57,12:12
H6,6B,10/30/19,9.7,7.46,4.84,53.2,34.57,12:13
H6,6C,10/30/19,9.7,7.47,5.02,55,34.57,12:14
H1,1A,10/31/19,11.9,7.76,7.78,89.5,34.59,12:05
H1,1B,10/31/19,12,7.8,8.31,95.6,34.6,12:05
H1,1C,10/31/19,12.1,7.81,8.26,95.7,34.6,12:07
H2,2A,10/31/19,11.3,7.72,7.25,82.3,34.59,12:08
H2,2B,10/31/19,11.3,7.71,7.05,80.1,34.59,12:09
H2,2C,10/31/19,11.4,7.73,7.32,83.6,34.59,12:10
H3,3A,10/31/19,10.7,7.65,6.49,72.8,34.59,12:11
H3,3B,10/31/19,10.7,7.62,6.13,67.5,34.59,12:12
H3,3C,10/31/19,10.8,7.66,6.48,73,34.59,12:13
H4,4A,10/31/19,10,7.54,5.22,57.7,34.59,12:14
H4,4B,10/31/19,10.1,7.54,5.22,57.7,34.59,12:15
H4,4C,10/31/19,10.2,7.56,5.41,60.2,34.57,12:16
H5,5A,10/31/19,9.8,7.52,5.15,56.6,34.57,12:17
H5,5B,10/31/19,9.9,7.5,4.95,54.5,34.58,12:19
H5,5C,10/31/19,10,7.51,5.02,55.6,34.58,12:20
H6,6A,10/31/19,9.6,7.47,4.84,52.9,34.58,12:21
H6,6B,10/31/19,9.8,7.46,4.75,51.7,34.57,12:22
H6,6C,10/31/19,9.7,7.47,4.84,53,34.58,12:23
H1,1A,11/1/19,11.7,7.75,8.24,94.2,34.61,11:06
H1,1B,11/1/19,11.7,7.78,8.32,95.3,34.61,11:07
H1,1C,11/1/19,11.9,7.79,8.32,95.6,34.6,11:08
H2,2A,11/1/19,11.1,7.7,7.25,82,34.6,11:09
H2,2B,11/1/19,11.1,7.7,7.14,80.9,34.6,11:10
H2,2C,11/1/19,11.2,7.73,7.49,85,34.6,11:12
H3,3A,11/1/19,10.4,7.65,6.43,71.6,34.6,11:13
H3,3B,11/1/19,10.5,7.64,6.39,71.3,34.6,11:14
H3,3C,11/1/19,10.5,7.62,6.06,67.6,34.59,11:15
H4,4A,11/1/19,9.9,7.54,5.27,58.1,34.59,11:16
H4,4B,11/1/19,9.9,7.55,5.36,59,34.59,11:16
H4,4C,11/1/19,10,7.56,5.31,58.6,34.59,11:18
H5,5A,11/1/19,9.5,7.51,4.95,54,34.59,11:19
H5,5B,11/1/19,9.6,7.5,4.88,53.5,34.59,11:20
H5,5C,11/1/19,9.7,7.5,4.95,54.4,34.59,11:21
H6,6A,11/1/19,9.2,7.47,4.68,50.9,34.58,11:22
H6,6B,11/1/19,9.4,7.46,4.56,49.7,34.59,11:23
H6,6C,11/1/19,9.4,7.46,4.67,50.9,34.59,11:25
H1,1A,11/2/19,11.8,7.77,8.11,93.3,34.61,11:12
H1,1B,11/2/19,11.8,7.78,8.51,97.7,34.62,11:13
H1,1C,11/2/19,11.9,7.79,8.46,97.3,34.62,11:14
H2,2A,11/2/19,11.2,7.71,7.47,84.6,34.61,11:16
H2,2B,11/2/19,11.2,7.71,7.35,83.2,34.61,11:17
H2,2C,11/2/19,11.2,7.72,7.46,84.5,34.61,11:18
H3,3A,11/2/19,10.5,7.64,6.49,72.3,34.61,11:19
H3,3B,11/2/19,10.5,7.63,6.35,70.8,34.61,11:20
H3,3C,11/2/19,10.5,7.64,6.41,71.7,34.62,11:20
H4,4A,11/2/19,9.9,7.55,5.46,60.1,34.61,11:22
H4,4B,11/2/19,9.9,7.55,5.32,58.7,34.61,11:22
H4,4C,11/2/19,9.9,7.54,5.22,57.5,34.6,11:23
H5,5A,11/2/19,9.6,7.5,5.04,55.1,34.61,11:24
H5,5B,11/2/19,9.7,7.5,5.03,55.1,34.6,11:25
H5,5C,11/2/19,9.7,7.51,5.06,55.6,34.6,11:26
H6,6A,11/2/19,9.3,7.47,4.7,50.9,34.61,11:27
H6,6B,11/2/19,9.5,7.46,4.73,51.7,34.59,11:28
H6,6C,11/2/19,9.4,7.47,4.87,53.1,34.61,11:29
H1,1A,11/3/19,12,7.77,8.04,92,34.63,14:14
H1,1B,11/3/19,11.9,7.79,8.11,93.5,34.63,14:15
H1,1C,11/3/19,12.1,7.81,8.07,93.2,34.63,14:16
H2,2A,11/3/19,11.4,7.73,7.42,84.6,34.63,14:17
H2,2B,11/3/19,11.4,7.73,7.21,82.1,34.62,14:18
H2,2C,11/3/19,11.4,7.74,7.2,82,34.62,14:19
H3,3A,11/3/19,10.8,7.66,6.47,72.7,34.62,14:20
H3,3B,11/3/19,10.9,7.65,6.41,71.7,34.62,14:21
H3,3C,11/3/19,10.9,7.66,6.29,70.8,34.62,14:22
H4,4A,11/3/19,10.4,7.59,5.89,65.8,34.61,14:23
H4,4B,11/3/19,10.5,7.59,5.72,63.9,34.62,14:24
H4,4C,11/3/19,10.5,7.59,5.64,62.9,34.63,14:25
H5,5A,11/3/19,10.1,7.53,5.48,60.7,34.61,14:26
H5,5B,11/3/19,10.2,7.52,5.78,63.9,34.61,14:27
H5,5C,11/3/19,10.3,7.53,5.48,60.7,34.61,14:28
H6,6A,11/3/19,9.8,7.47,5.46,60,34.61,14:29
H6,6B,11/3/19,9.9,7.46,5.67,62.7,34.61,14:30
H6,6C,11/3/19,10,7.47,5.4,59.6,34.61,14:31
H1,1A,11/4/19,11.8,7.8,7.2,82.6,34.5,11:54
H1,1B,11/4/19,11.9,7.82,7.53,86.6,34.53,11:55
H1,1C,11/4/19,11.9,7.82,7.4,84.9,34.53,11:56
H2,2A,11/4/19,11.4,7.75,6.85,78,34.53,11:57
H2,2B,11/4/19,11.4,7.74,6.7,76.2,34.53,11:58
H2,2C,11/4/19,11.4,7.75,6.84,77.9,34.54,11:59
H3,3A,11/4/19,10.9,7.67,6.12,69,34.53,12:00
H3,3B,11/4/19,11,7.67,6.09,68.7,34.52,12:00
H3,3C,11/4/19,11,7.68,6.1,68.7,34.52,12:01
H4,4A,11/4/19,10.5,7.58,5.45,60.8,34.52,12:02
H4,4B,11/4/19,10.5,7.58,5.31,59.2,34.52,12:03
H4,4C,11/4/19,10.6,7.59,5.3,59.3,34.52,12:04
H5,5A,11/4/19,10.2,7.54,5,55.4,34.51,12:05
H5,5B,11/4/19,10.2,7.53,5.05,56.1,34.51,12:06
H5,5C,11/4/19,10.3,7.53,5.01,55.4,34.51,12:07
H6,6A,11/4/19,10.1,7.49,5.07,56.1,34.51,12:08
H6,6B,11/4/19,10.1,7.48,4.93,54.6,34.51,12:09
H6,6C,11/4/19,10.2,7.48,4.93,54.7,34.5,12:10
H1,1A,11/5/19,11.8,7.78,7.2,82.9,34.49,11:49
H1,1B,11/5/19,11.8,7.79,7.2,82.9,34.49,11:50
H1,1C,11/5/19,11.9,7.79,7.03,80.8,34.48,11:51
H2,2A,11/5/19,11.3,7.73,6.61,75.1,34.49,11:52
H2,2B,11/5/19,11.3,7.72,6.44,73.7,34.48,11:53
H2,2C,11/5/19,11.4,7.74,6.94,79.7,34.48,11:54
H3,3A,11/5/19,10.9,7.66,6.02,68.3,34.48,11:55
H3,3B,11/5/19,10.9,7.68,5.82,66.2,34.48,11:56
H3,3C,11/5/19,10.9,7.68,6.22,70.4,34.48,11:57
H4,4A,11/5/19,10.6,7.56,5.21,58.1,34.47,11:58
H4,4B,11/5/19,10.3,7.55,5.22,58,34.48,11:59
H4,4C,11/5/19,10.4,7.58,5.41,60.6,34.48,12:00
H5,5A,11/5/19,10.1,7.52,5.13,57.1,34.47,12:01
H5,5B,11/5/19,10.2,7.51,4.84,54.2,34.47,12:02
H5,5C,11/5/19,10.2,7.51,4.94,54.8,34.47,12:03
H6,6A,11/5/19,10,7.48,5.03,55.6,34.47,12:04
H6,6B,11/5/19,10.2,7.47,5.06,56.8,34.47,12:05
H6,6C,11/5/19,10.1,7.47,5.07,56.1,34.47,12:06
H1,1A,11/6/19,11.8,7.75,6.96,79.8,34.46,12:01
H1,1B,11/6/19,11.8,7.8,7.42,85.2,34.45,12:02
H1,1C,11/6/19,11.9,7.79,7.16,82.4,34.45,12:04
H2,2A,11/6/19,11.4,7.72,6.49,73.8,34.45,12:04
H2,2B,11/6/19,11.4,7.73,6.57,74.6,34.45,12:06
H2,2C,11/6/19,11.5,7.76,6.79,77.3,34.45,12:07
H3,3A,11/6/19,10.8,7.65,5.8,65.1,34.44,12:08
H3,3B,11/6/19,10.8,7.63,5.7,64.1,34.44,12:09
H3,3C,11/6/19,10.8,7.64,5.69,64,34.44,12:10
H4,4A,11/6/19,10.3,7.54,4.81,53.3,34.44,12:11
H4,4B,11/6/19,10.4,7.55,4.86,54.2,34.43,12:13
H4,4C,11/6/19,10.5,7.57,4.96,55.2,34.44,12:14
H5,5A,11/6/19,10.1,7.52,4.87,53.9,34.43,12:16
H5,5B,11/6/19,10.2,7.51,4.69,51.9,34.44,12:17
H5,5C,11/6/19,10.3,7.52,4.67,52,34.43,12:18
H6,6A,11/6/19,10.1,7.49,4.79,52.9,34.43,12:22
H6,6B,11/6/19,10.2,7.46,4.5,49.9,34.43,12:23
H6,6C,11/6/19,10.2,7.49,4.77,52.9,34.43,12:24
H1,1A,11/7/19,11.9,7.78,7.07,81.1,34.42,12:04
H1,1B,11/7/19,11.9,7.8,7.27,83.5,34.41,12:05
H1,1C,11/7/19,12,7.81,7.42,85.3,34.41,12:05
H2,2A,11/7/19,11.4,7.73,6.69,76.1,34.41,12:06
H2,2B,11/7/19,11.4,7.74,6.8,77.4,34.41,12:07
H2,2C,11/7/19,11.5,7.75,6.79,77.4,34.4,12:08
H3,3A,11/7/19,10.8,7.64,5.91,66.4,34.41,12:09
H3,3B,11/7/19,10.8,7.64,5.85,65.3,34.41,12:10
H3,3C,11/7/19,10.8,7.65,5.42,60.9,34.4,12:11
H4,4A,11/7/19,10.3,7.52,4.76,50.3,34.4,12:12
H4,4B,11/7/19,10.4,7.57,5.24,58.4,34.4,12:13
H4,4C,11/7/19,10.4,7.56,5.26,58.6,34.4,12:14
H5,5A,11/7/19,10.1,7.52,4.93,54.6,34.4,12:15
H5,5B,11/7/19,10.2,7.51,4.7,52.1,34.4,12:16
H5,5C,11/7/19,10.2,7.51,4.67,51.8,34.4,12:17
H6,6A,11/7/19,10,7.48,4.81,53,34.4,12:18
H6,6B,11/7/19,10.1,7.47,4.64,51.3,34.4,12:19
H6,6C,11/7/19,10,7.47,4.62,51,34.4,12:20
H1,1A,11/8/19,12.2,7.84,6.74,77.9,34.33,12:09
H1,1B,11/8/19,12.1,7.84,7.13,82.3,34.32,12:10
H1,1C,11/8/19,12.2,7.85,7.18,83,34.32,12:11
H2,2A,11/8/19,11.8,7.77,6.39,73.2,34.32,12:12
H2,2B,11/8/19,11.8,7.78,6.7,76.5,34.32,12:13
H2,2C,11/8/19,11.8,7.78,6.73,77.1,34.32,12:14
H3,3A,11/8/19,11.2,7.69,6.01,68,34.32,14:15
H3,3B,11/8/19,11.4,7.69,6.03,68.5,34.32,12:16
H3,3C,11/8/19,11.2,7.69,5.95,67,34.32,12:17
H4,4A,11/8/19,10.9,7.62,4.91,55.2,34.3,12:18
H4,4B,11/8/19,10.9,7.63,5.05,56.9,34.31,12:19
H4,4C,11/8/19,11,7.63,5.16,58.1,34.32,12:20
H5,5A,11/8/19,10.5,7.54,4.93,54.9,34.32,12:21
H5,5B,11/8/19,10.8,7.55,4.89,54.8,34.31,12:22
H5,5C,11/8/19,10.7,7.54,4.84,54.2,34.32,12:23
H6,6A,11/8/19,10.5,7.47,4.63,51.6,34.32,12:24
H6,6B,11/8/19,10.6,7.46,4.48,50,34.33,12:25
H6,6C,11/8/19,10.5,7.46,4.45,49.7,34.32,12:26
H1,1A,11/9/19,12.1,7.77,7.07,81.1,34.33,12:09
H1,1B,11/9/19,12,7.79,7.24,83.3,34.33,12:10
H1,1C,11/9/19,12.1,7.8,7.16,82.7,34.33,12:11
H2,2A,11/9/19,11.5,7.74,6.67,76,34.33,12:12
H2,2B,11/9/19,11.5,7.73,6.43,73.4,34.33,12:13
H2,2C,11/9/19,11.6,7.75,6.55,74.8,34.32,12:14
H3,3A,11/9/19,10.9,7.64,5.77,64.9,34.32,12:16
H3,3B,11/9/19,10.9,7.6,5.12,57.7,34.32,12:17
H3,3C,11/9/19,11,7.65,5.6,63.4,34.32,12:18
H4,4A,11/9/19,10.6,7.55,5.07,56.6,34.33,12:19
H4,4B,11/9/19,10.6,7.55,5.11,57,34.32,12:20
H4,4C,11/9/19,10.7,7.56,5.13,57.5,34.32,12:21
H5,5A,11/9/19,10.3,7.52,4.78,52.9,34.32,12:22
H5,5B,11/9/19,10.3,7.5,4.57,50.9,34.32,12:23
H5,5C,11/9/19,10.4,7.52,4.61,51.3,34.32,12:24
H6,6A,11/9/19,10.1,7.47,4.54,50,34.31,12:25
H6,6B,11/9/19,10.2,7.45,4.24,46.8,34.31,12:26
H6,6C,11/9/19,10.2,7.46,4.34,48,34.31,12:27
H1,1A,11/10/19,12,7.79,7.11,81.8,34.32,10:51
H1,1B,11/10/19,12.1,7.81,7.11,81.8,34.32,10:53
H1,1C,11/10/19,12.2,7.82,7.09,82,34.32,10:56
H2,2A,11/10/19,11.6,7.74,6.23,71.2,34.31,10:59
H2,2B,11/10/19,11.6,7.75,6.34,72.1,34.31,11:01
H2,2C,11/10/19,11.7,7.76,6.45,73.8,34.31,11:02
H3,3A,11/10/19,11,7.64,5.1,60.5,34.31,11:04
H3,3B,11/10/19,11,7.64,5.33,60,34.3,11:06
H3,3C,11/10/19,11,7.66,5.46,61.7,34.3,11:10
H4,4A,11/10/19,10.6,7.55,4.65,52.1,34.31,11:12
H4,4B,11/10/19,10.7,7.56,4.73,52.9,34.3,11:14
H4,4C,11/10/19,10.7,7.59,4.89,54.8,34.3,11:17
H5,5A,11/10/19,10.3,7.52,4.39,48.8,34.31,11:19
H5,5B,11/10/19,10.4,7.53,4.49,49.8,34.3,11:20
H5,5C,11/10/19,10.5,7.51,4.24,47.2,34.3,11:21
H6,6A,11/10/19,10.2,7.47,4.09,45.3,34.29,11:23
H6,6B,11/10/19,10.3,7.46,4.02,44.9,34.3,11:25
H6,6C,11/10/19,10.3,7.47,4.06,45.2,34.29,11:27
H1,1A,11/11/19,12,7.78,7.24,83.3,34.32,10:08
H1,1B,11/11/19,12,7.8,7.26,83.4,34.32,10:09
H1,1C,11/11/19,12,7.8,7.25,83.5,34.32,10:10
H2,2A,11/11/19,11.5,7.73,6.61,75.3,34.32,10:11
H2,2B,11/11/19,11.5,7.73,6.55,74.5,34.32,10:11
H2,2C,11/11/19,11.6,7.74,6.56,75,34.31,10:13
H3,3A,11/11/19,10.8,7.63,5.62,63,34.32,10:14
H3,3B,11/11/19,10.8,7.63,5.54,62.1,34.32,10:15
H3,3C,11/11/19,10.9,7.63,5.47,61.6,34.32,10:15
H4,4A,11/11/19,10.5,7.56,5.02,55.9,34.32,10:16
H4,4B,11/11/19,10.5,7.56,4.98,55.7,34.32,10:17
H4,4C,11/11/19,10.5,7.56,5.02,56,34.31,10:19
H5,5A,11/11/19,10.2,7.52,4.56,50.5,34.31,10:20
H5,5B,11/11/19,10.2,7.52,4.58,50.8,34.31,10:20
H5,5C,11/11/19,10.3,7.51,4.62,51.1,34.31,10:21
H6,6A,11/11/19,10,7.47,4.4,48.6,34.31,10:22
H6,6B,11/11/19,10.2,7.47,4.34,48.1,34.31,10:24
H6,6C,11/11/19,10.1,7.47,4.39,48.6,34.31,10:24
H1,1A,11/12/19,12.3,7.77,7.05,82,34.3,10:10
H1,1B,11/12/19,12.5,7.79,7.28,84.8,34.3,10:12
H1,1C,11/12/19,12.5,7.79,7.33,85,34.3,10:13
H2,2A,11/12/19,11.9,7.7,6.29,72.4,34.3,10:14
H2,2B,11/12/19,12,7.74,6.7,77.1,34.3,10:16
H2,2C,11/12/19,12.1,7.74,6.64,76.7,34.3,10:17
H3,3A,11/12/19,11.2,7.64,5.6,63.3,34.29,10:18
H3,3B,11/12/19,11.2,7.61,5.34,60.5,34.3,10:20
H3,3C,11/12/19,11.2,7.63,5.48,62,34.29,10:21
H4,4A,11/12/19,10.6,7.54,4.73,52.8,34.3,10:22
H4,4B,11/12/19,10.8,7.55,4.91,55.2,34.29,10:23
H4,4C,11/12/19,10.8,7.56,4.9,54.9,34.29,10:24
H5,5A,11/12/19,10.4,7.51,4.39,48.9,34.29,10:26
H5,5B,11/12/19,10.4,7.51,4.36,48.4,34.28,10:27
H5,5C,11/12/19,10.5,7.5,4.32,48.2,34.29,10:28
H6,6A,11/12/19,10.1,7.48,4.27,47.4,34.29,10:29
H6,6B,11/12/19,10.3,7.46,4.12,45.8,34.29,10:30
H6,6C,11/12/19,10.3,7.46,4.17,46.2,34.29,10:32
H1,1A,11/13/19,12.2,7.75,7.54,87.1,34.17,10:42
H1,1B,11/13/19,12.1,7.78,7.99,92.1,34.15,10:43
H1,1C,11/13/19,12.2,7.78,7.85,90.7,34.15,10:44
H2,2A,11/13/19,11.6,7.69,6.86,78.1,34.15,10:45
H2,2B,11/13/19,11.6,7.68,6.67,76,34.15,10:46
H2,2C,11/13/19,11.7,7.72,7.14,81.5,34.13,10:47
H3,3A,11/13/19,10.8,7.61,6.17,69.2,34.14,10:48
H3,3B,11/13/19,10.9,7.61,5.96,66.9,34.14,10:49
H3,3C,11/13/19,10.8,7.6,5.97,67,34.14,10:49
H4,4A,11/13/19,10.4,7.51,5.14,57.1,34.14,10:50
H4,4B,11/13/19,10.4,7.5,5.14,57.1,34.14,10:51
H4,4C,11/13/19,10.5,7.52,5.13,57.2,34.14,10:52
H5,5A,11/13/19,10.1,7.48,4.93,54.4,34.14,10:53
H5,5B,11/13/19,10.2,7.48,4.96,54.8,34.14,10:54
H5,5C,11/13/19,10.2,7.48,4.86,53.7,34.14,10:55
H6,6A,11/13/19,9.9,7.45,4.81,52.9,34.14,10:55
H6,6B,11/13/19,10.2,7.44,4.71,52,34.14,10:56
H6,6C,11/13/19,10.1,7.44,4.76,52.5,34.14,10:56
H1,1A,11/14/19,12.3,7.8,7.19,83.1,34.11,12:43
H1,1B,11/14/19,12.3,7.79,7.3,84.4,34.11,12:40
H1,1C,11/14/19,12.4,7.81,7.1,82.2,34.11,12:45
H2,2A,11/14/19,11.8,7.75,7.2,76.9,34.1,12:49
H2,2B,11/14/19,11.8,7.73,6.49,74.3,34.11,12:48
H2,2C,11/14/19,11.8,7.68,6.54,74.9,34.11,12:38
H3,3A,11/14/19,11.1,7.66,5.82,65.7,34.1,12:49
H3,3B,11/14/19,11.1,7.65,5.66,63.8,34.11,12:50
H3,3C,11/14/19,11.1,7.65,5.68,64.1,34.1,12:51
H4,4A,11/14/19,10.5,7.57,5,55.7,34.11,12:51
H4,4B,11/14/19,10.6,7.55,4.87,54.4,34.1,12:52
H4,4C,11/14/19,10.7,7.55,4.79,53.4,34.1,12:53
H5,5A,11/14/19,10.2,7.52,4.71,52.2,34.1,12:54
H5,5B,11/14/19,10.4,7.51,4.55,50.7,34.1,12:55
H5,5C,11/14/19,10.4,7.51,4.63,51.5,34.1,12:56
H6,6A,11/14/19,10.1,7.49,4.54,50.2,34.09,12:57
H6,6B,11/14/19,10.5,7.46,4.33,48.3,34.1,12:58
H6,6C,11/14/19,10,7.47,4.44,49.1,34.1,12:59
H1,1A,11/15/19,12.3,7.75,7.11,82.4,34.15,11:09
H1,1B,11/15/19,12.6,7.77,7.57,87.6,34.14,11:10
H1,1C,11/15/19,12.6,7.77,7.32,85.3,34.15,11:11
H2,2A,11/15/19,11.9,7.72,7,80.4,34.16,11:12
H2,2B,11/15/19,12.1,7.72,6.92,79.7,34.15,11:13
H2,2C,11/15/19,12.2,7.73,7.05,81.4,34.15,11:13
H3,3A,11/15/19,11.3,7.63,6.04,68.5,34.15,11:14
H3,3B,11/15/19,11.3,7.61,5.58,63.2,34.14,11:15
H3,3C,11/15/19,11.3,7.62,5.81,66,34.15,11:16
H4,4A,11/15/19,10.7,7.54,5.1,57.2,34.14,11:17
H4,4B,11/15/19,10.8,7.55,4.77,53.5,34.14,11:20
H4,4C,11/15/19,10.8,7.54,5.01,56.1,34.14,11:21
H5,5A,11/15/19,10.4,7.5,4.79,53.2,34.14,11:22
H5,5B,11/15/19,10.4,7.49,4.7,52.2,34.14,11:23
H5,5C,11/15/19,10.5,7.49,4.62,51.4,34.15,11:24
H6,6A,11/15/19,10.3,7.48,4.78,53,34.14,11:24
H6,6B,11/15/19,10.5,7.47,4.8,53.5,34.14,11:25
H6,6C,11/15/19,10.5,7.49,4.95,55.1,34.14,11:26
H1,1A,11/16/19,12.2,7.76,7.46,86.5,34.2,11:29
H1,1B,11/16/19,12.2,7.79,7.51,90.4,34.21,11:30
H1,1C,11/16/19,12.3,7.79,7.8,90.4,34.21,11:31
H2,2A,11/16/19,11.7,7.73,7,79.9,34.21,11:32
H2,2B,11/16/19,11.7,7.72,6.82,77.7,34.21,11:33
H2,2C,11/16/19,11.7,7.72,6.83,78,34.21,11:34
H3,3A,11/16/19,10.9,7.63,6.84,65.5,34.21,11:35
H3,3B,11/16/19,10.8,7.61,5.62,63.1,34.21,11:36
H3,3C,11/16/19,10.9,7.62,5.73,64.4,34.21,11:38
H4,4A,11/16/19,10.4,7.53,5.03,55.9,34.21,11:39
H4,4B,11/16/19,10.4,7.54,5.07,55.5,32.2,11:40
H4,4C,11/16/19,10.5,7.54,5.03,55.9,32.2,11:42
H5,5A,11/16/19,10,7.49,4.61,50.7,32.2,11:43
H5,5B,11/16/19,10.1,7.49,4.64,51.2,32.2,11:44
H5,5C,11/16/19,10.2,7.49,4.6,50.9,32.2,11:45
H6,6A,11/16/19,9.9,7.47,4.59,50.6,32.2,11:46
H6,6B,11/16/19,10.1,7.46,4.47,49.4,34.21,11:47
H6,6C,11/16/19,10.1,7.47,4.61,50.8,23.19,11:48
H1,1A,11/17/19,12.1,7.72,7.24,83.1,34.25,11:54
H1,1B,11/17/19,12.1,7.76,7.67,88.2,34.25,11:54
H1,1C,11/17/19,12.2,7.77,7.6,87.6,34.26,11:55
H2,2A,11/17/19,11.6,7.7,6.75,77.1,34.27,11:56
H2,2B,11/17/19,11.6,7.7,6.8,77.8,34.26,11:57
H2,2C,11/17/19,11.7,7.68,6.39,73.2,34.26,11:58
H3,3A,11/17/19,10.9,7.6,5.66,63.6,34.26,11:59
H3,3B,11/17/19,10.8,7.58,5.46,61.1,34.26,12:00
H3,3C,11/17/19,10.9,7.61,5.58,62.8,34.26,12:01
H4,4A,11/17/19,10.3,7.51,4.86,53.7,34.26,12:03
H4,4B,11/17/19,10.4,7.52,4.94,54.7,34.26,12:03
H4,4C,11/17/19,10.4,7.51,4.79,53.2,34.25,12:05
H5,5A,11/17/19,10,7.48,4.58,50.6,34.25,12:06
H5,5B,11/17/19,10.1,7.47,4.42,48.8,34.25,12:07
H5,5C,11/17/19,10.2,7.48,4.5,49.8,34.26,12:08
H6,6A,11/17/19,9.9,7.46,4.5,49.6,34.25,12:09
H6,6B,11/17/19,10.2,7.44,4.3,47.5,34.25,12:10
H6,6C,11/17/19,10,7.45,4.36,48,34.26,12:11
H1,1A,11/18/19,12.2,7.74,7.72,89.3,34.3,11:56
H1,1B,11/18/19,12.2,7.74,7.93,91.6,34.29,11:57
H1,1C,11/18/19,12.3,7.78,7.94,92,34.3,11:58
H2,2A,11/18/19,11.6,7.68,6.62,75.6,34.28,11:59
H2,2B,11/18/19,11.6,7.69,6.86,78,34.28,12:00
H2,2C,11/18/19,11.6,7.7,6.96,79.5,34.28,12:01
H3,3A,11/18/19,10.8,7.61,5.93,66.6,34.28,12:02
H3,3B,11/18/19,10.8,7.6,5.77,64.8,34.28,12:02
H3,3C,11/18/19,10.8,7.61,5.87,65.6,34.28,12:03
H4,4A,11/18/19,10.3,7.5,4.85,53.8,34.28,12:04
H4,4B,11/18/19,10.3,7.49,4.73,52.5,34.28,12:05
H4,4C,11/18/19,10.4,7.51,4.8,53.3,34.28,12:06
H5,5A,11/18/19,10,7.49,4.79,52.6,34.28,12:07
H5,5B,11/18/19,10.1,7.49,4.81,53.1,34.28,12:08
H5,5C,11/18/19,10.2,7.49,4.76,52.7,34.28,12:09
H6,6A,11/18/19,9.8,7.46,4.62,50.8,34.28,12:09
H6,6B,11/18/19,10,7.44,4.24,46.7,34.28,12:10
H6,6C,11/18/19,9.9,7.44,4.26,46.9,34.28,12:10
H1,1A,11/19/19,12.2,7.72,6.87,78.3,34.32,11:33
H1,1B,11/19/19,12.4,7.77,7.56,87.4,34.31,11:34
H1,1C,11/19/19,12.4,7.77,7.4,85.7,34.31,11:35
H2,2A,11/19/19,11.8,7.67,6.58,75.3,34.31,11:36
H2,2B,11/19/19,11.9,7.69,6.71,76.9,34.31,11:37
H2,2C,11/19/19,11.8,7.7,6.84,78.4,34.31,11:37
H3,3A,11/19/19,11,7.6,5.8,65.4,34.3,11:38
H3,3B,11/19/19,11,7.6,5.62,63.2,34.3,11:39
H3,3C,11/19/19,11,7.59,5.53,62.3,34.3,11:40
H4,4A,11/19/19,10.6,7.5,5.17,57.7,34.3,11:41
H4,4B,11/19/19,10.6,7.52,5.15,57.5,34.31,11:42
H4,4C,11/19/19,10.5,7.51,4.91,54.8,34.3,11:43
H5,5A,11/19/19,10.1,7.48,4.83,53.4,34.3,11:44
H5,5B,11/19/19,10.2,7.47,4.62,51.2,34.3,11:45
H5,5C,11/19/19,10.3,7.48,4.71,52.1,34.3,11:45
H6,6A,11/19/19,10.2,7.47,5.09,56.4,34.29,11:46
H6,6B,11/19/19,10.3,7.45,5.03,55.9,34.29,11:47
H6,6C,11/19/19,10.5,7.45,4.9,54.6,34.29,11:48
H1,1A,11/20/19,11.9,7.75,7.15,82.1,34.31,11:53
H1,1B,11/20/19,12,7.76,7.72,88.2,34.31,11:54
H1,1C,11/20/19,12,7.77,7.87,90.5,34.33,11:55
H2,2A,11/20/19,11.3,7.69,6.6,75,34.33,11:56
H2,2B,11/20/19,11.3,7.69,6.82,77.4,34.33,11:57
H2,2C,11/20/19,11.4,7.71,6.94,78.1,34.32,11:58
H3,3A,11/20/19,10.5,7.61,5.95,66.4,34.32,11:59
H3,3B,11/20/19,10.5,7.6,5.77,64.3,34.33,12:00
H3,3C,11/20/19,10.5,7.6,5.86,65.7,34.32,12:01
H4,4A,11/20/19,9.9,7.49,4.84,53.3,34.32,12:02
H4,4B,11/20/19,10,7.51,4.96,54.7,34.32,12:02
H4,4C,11/20/19,10.1,7.52,5.09,55.2,34.32,12:03
H5,5A,11/20/19,9.6,7.48,4.52,49.5,34.32,12:04
H5,5B,11/20/19,9.7,7.48,4.74,51.9,34.31,12:05
H5,5C,11/20/19,9.8,7.48,4.75,52.2,34.31,12:06
H6,6A,11/20/19,9.5,7.43,4.67,51,34.31,12:06
H6,6B,11/20/19,9.7,7.41,4.44,48.7,34.31,12:07
H6,6C,11/20/19,9.7,7.43,4.72,51.8,34.31,12:08
H1,1A,11/21/19,12,7.73,7.55,85.1,34.35,14:14
H1,1B,11/21/19,12.1,7.79,8.11,93.7,34.38,14:15
H1,1C,11/21/19,12.1,7.78,8.02,92.6,34.36,14:16
H2,2A,11/21/19,11.5,7.69,6.82,77.8,34.36,14:18
H2,2B,11/21/19,11.5,7.71,6.91,78.9,34.36,14:20
H2,2C,11/21/19,11.5,7.72,7.12,81.2,34.36,14:21
H3,3A,11/21/19,10.6,7.61,5.86,65.5,34.36,14:22
H3,3B,11/21/19,10.6,7.61,5.76,64.5,34.36,14:23
H3,3C,11/21/19,10.7,7.62,5.87,65.8,34.36,14:24
H4,4A,11/21/19,10.1,7.52,5.06,55.8,34.35,14:25
H4,4B,11/21/19,10.1,7.52,4.94,54.7,34.35,14:26
H4,4C,11/21/19,10.2,7.52,4.94,54.6,34.35,14:27
H5,5A,11/21/19,9.7,7.47,4.58,50,34.35,14:28
H5,5B,11/21/19,9.8,7.47,4.58,50.2,34.35,14:29
H5,5C,11/21/19,9.9,7.48,4.54,49.9,34.35,14:30
H6,6A,11/21/19,9.7,7.45,4.75,52,34.34,14:31
H6,6B,11/21/19,9.8,7.44,4.67,51.1,34.35,14:32
H6,6C,11/21/19,9.8,7.45,4.8,52.1,34.35,14:34
H1,1A,11/22/19,11.8,7.74,7.35,84.4,34.44,11:25
H1,1B,11/22/19,12,7.78,7.77,89.6,34.33,11:26
H1,1C,11/22/19,12.1,7.78,7.65,88.1,34.33,11:27
H2,2A,11/22/19,11.5,7.69,6.72,76.6,34.33,11:28
H2,2B,11/22/19,11.5,7.67,6.59,75.2,34.33,11:29
H2,2C,11/22/19,11.5,7.73,7.14,81.4,34.32,11:30
H3,3A,11/22/19,10.7,7.6,6.08,68,34.33,11:31
H3,3B,11/22/19,10.6,7.59,5.91,66.3,34.32,11:32
H3,3C,11/22/19,10.7,7.61,6.06,67.7,34.33,11:33
H4,4A,11/22/19,10.1,7.52,5.36,59.2,34.32,11:35
H4,4B,11/22/19,10.2,7.53,5.41,59.9,34.32,11:36
H4,4C,11/22/19,10.2,7.53,5.36,59.4,34.32,11:37
H5,5A,11/22/19,9.8,7.48,5.17,56.6,34.32,11:38
H5,5B,11/22/19,9.9,7.48,4.92,54.1,34.32,11:40
H5,5C,11/22/19,9.9,7.46,4.81,52.9,34.32,11:41
H6,6A,11/22/19,9.8,7.45,5.1,56,34.32,11:42
H6,6B,11/22/19,9.9,7.46,5.34,58.5,34.32,11:43
H6,6C,11/22/19,9.9,7.46,5.37,59.2,34.32,11:44
H1,1A,11/23/19,11.7,7.72,7.18,82.1,34.31,11:55
H1,1B,11/23/19,11.8,7.75,7.46,85.7,34.31,11:56
H1,1C,11/23/19,11.9,7.75,7.3,83.8,34.31,11:57
H2,2A,11/23/19,11.3,7.7,6.73,76.4,34.3,11:58
H2,2B,11/23/19,11.3,7.7,6.76,76.6,34.3,11:59
H2,2C,11/23/19,11.4,7.69,6.59,75,34.3,12:00
H3,3A,11/23/19,10.6,7.6,5.63,629,34.3,12:03
H3,3B,11/23/19,10.6,7.59,5.63,62.8,34.3,12:03
H3,3C,11/23/19,10.6,7.6,5.77,64.2,34.3,12:04
H4,4A,11/23/19,10.1,7.51,4.9,54.3,34.3,12:05
H4,4B,11/23/19,10.1,7.51,5.05,55.4,34.3,12:06
H4,4C,11/23/19,10.1,7.52,5.07,55.9,34.29,12:07
H5,5A,11/23/19,9.8,7.46,4.67,51.3,34.29,12:08
H5,5B,11/23/19,9.9,7.47,4.68,51.3,34.29,12:09
H5,5C,11/23/19,9.9,7.47,4.63,50.6,34.29,12:10
H6,6A,11/23/19,9.9,7.45,4.92,54,34.3,12:11
H6,6B,11/23/19,10,7.45,5.08,56,34.29,12:12
H6,6C,11/23/19,10,7.45,5.14,56.7,34.3,12:13
H1,1A,11/24/19,11.8,7.71,6.95,79.8,34.31,13:02
H1,1B,11/24/19,11.8,7.76,7.55,86.6,34.31,13:03
H1,1C,11/24/19,11.9,7.77,7.52,86.4,34.31,13:04
H2,2A,11/24/19,11.3,7.69,6.72,76.1,34.3,13:05
H2,2B,11/24/19,11.3,7.7,6.78,77,34.31,13:06
H2,2C,11/24/19,11.3,7.71,6.88,78.1,34.3,13:08
H3,3A,11/24/19,10.5,7.6,5.72,63.8,34.3,13:09
H3,3B,11/24/19,10.5,7.59,5.53,61.8,34.3,13:10
H3,3C,11/24/19,10.5,7.6,5.58,63.3,34.3,13:11
H4,4A,11/24/19,10,7.52,5.03,55.2,34.3,13:12
H4,4B,11/24/19,10.1,7.52,5.09,56.3,34.3,13:15
H4,4C,11/24/19,10.1,7.53,5.05,55.9,34.3,13:17
H5,5A,11/24/19,9.7,7.46,4.5,49.3,34.3,13:18
H5,5B,11/24/19,9.8,7.47,4.55,50.1,34.3,13:20
H5,5C,11/24/19,9.8,7.47,4.52,49.6,34.3,13:21
H6,6A,11/24/19,9.7,7.45,4.82,53.2,34.3,13:22
H6,6B,11/24/19,9.9,7.45,5.04,55.5,34.29,13:23
H6,6C,11/24/19,9.9,7.45,5.06,55.7,34.29,13:25
H1,1A,11/25/19,11.9,7.76,7.8,89,34.33,10:30
H1,1B,11/25/19,11.9,7.78,8.08,92.8,34.32,10:31
H1,1C,11/25/19,12,7.78,7.96,91.5,34.32,10:31
H2,2A,11/25/19,11.4,7.69,6.93,78.7,34.32,10:32
H2,2B,11/25/19,11.3,7.7,7.05,80.1,34.32,10:33
H2,2C,11/25/19,11.4,7.7,6.99,79.4,34.31,10:33
H3,3A,11/25/19,10.5,7.6,5.95,66.3,34.32,10:34
H3,3B,11/25/19,10.5,7.6,5.81,64.7,34.31,10:35
H3,3C,11/25/19,10.5,7.6,5.74,64.1,34.31,10:36
H4,4A,11/25/19,10,7.51,5.05,55.6,34.31,10:37
H4,4B,11/25/19,10,7.51,5.01,54.9,34.31,10:38
H4,4C,11/25/19,10.1,7.51,5.02,55.5,34.31,10:39
H5,5A,11/25/19,9.6,7.47,4.53,49.5,34.3,10:40
H5,5B,11/25/19,9.7,7.47,5.54,49.8,34.3,10:40
H5,5C,11/25/19,9.7,7.46,4.52,49.6,34.3,10:41
H6,6A,11/25/19,9.7,7.45,4.94,53.9,34.3,10:42
H6,6B,11/25/19,9.9,7.43,4.89,52.8,34.3,10:43
H6,6C,11/25/19,9.8,7.44,4.96,54.2,34.3,10:43
H1,1A,11/26/19,12.7,7.75,8.34,94.7,34.34,10:30
H1,1B,11/26/19,14.1,7.79,8.78,105.5,34.35,10:31
H1,1C,11/26/19,13.9,7.78,8.64,103.4,34.37,10:32
H2,2A,11/26/19,13.1,7.7,7.51,88.5,34.36,10:32
H2,2B,11/26/19,13.3,7.7,7.4,87.5,34.36,10:33
H2,2C,11/26/19,13.5,7.71,7.44,88.3,34.35,10:34
H3,3A,11/26/19,12.5,7.6,6.05,70.4,34.35,10:35
H3,3B,11/26/19,12.5,7.59,5.9,68.6,34.35,10:36
H3,3C,11/26/19,12.7,7.6,5.92,69.1,34.35,10:37
H4,4A,11/26/19,11.7,7.51,5.17,59.2,34.35,10:38
H4,4B,11/26/19,11.7,7.51,5.01,57.3,34.35,10:38
H4,4C,11/26/19,11.8,7.51,5.07,58.2,34.36,10:39
H5,5A,11/26/19,11.4,7.47,4.58,52.1,34.35,10:40
H5,5B,11/26/19,11.1,7.46,4.47,50.5,34.37,10:41
H5,5C,11/26/19,11.4,7.46,4.34,49.3,34.34,10:42
H6,6A,11/26/19,10.4,7.44,4.87,54.2,34.35,10:42
H6,6B,11/26/19,10.3,7.43,4.99,55.5,34.38,10:43
H6,6C,11/26/19,11,7.44,4.93,55.6,34.32,10:44
H1,1A,11/27/19,11.8,7.74,8.35,95.8,34.3,13:24
H1,1B,11/27/19,11.8,7.76,8.31,95.1,34.29,13:25
H1,1C,11/27/19,11.9,7.78,8.44,96.8,34.28,13:26
H2,2A,11/27/19,11.1,7.68,7.22,81.6,34.29,13:27
H2,2B,11/27/19,11.1,7.7,7.29,82.2,34.28,13:28
H2,2C,11/27/19,11.2,7.7,7.26,81.8,34.29,13:28
H3,3A,11/27/19,10.3,7.59,5.93,65.8,34.28,13:30
H3,3B,11/27/19,10.3,7.59,5.93,65.8,34.28,13:31
H3,3C,11/27/19,10.3,7.59,5.93,65.8,34.27,13:31
H4,4A,11/27/19,9.8,7.52,5.19,57,34.28,13:33
H4,4B,11/27/19,9.8,7.51,5.19,56.9,34.28,13:33
H4,4C,11/27/19,9.9,7.51,5.15,56.7,34.27,13:34
H5,5A,11/27/19,9.5,7.48,4.71,51.4,34.27,13:35
H5,5B,11/27/19,9.6,7.47,4.63,50.6,34.27,13:36
H5,5C,11/27/19,9.6,7.47,4.6,50.1,34.27,13:37
H6,6A,11/27/19,9.2,7.42,4.26,46.1,34.27,13:38
H6,6B,11/27/19,9.3,7.42,4.25,46.1,34.27,13:39
H6,6C,11/27/19,9.3,7.42,4.27,46.4,34.27,13:41
H1,1A,11/28/19,11.3,7.73,8.27,93.9,34.28,11:24
H1,1B,11/28/19,11.4,7.78,8.57,97.3,34.28,11:25
H1,1C,11/28/19,11.4,7.78,8.61,97.7,34.26,11:25
H2,2A,11/28/19,10.8,7.7,7.51,84.3,34.26,11:26
H2,2B,11/28/19,10.8,7.71,7.5,84.2,34.26,11:27
H2,2C,11/28/19,10.9,7.7,7.3,82.1,34.26,11:28
H3,3A,11/28/19,10.1,7.6,6.03,66.6,34.26,11:29
H3,3B,11/28/19,10.1,7.59,5.9,65.2,34.26,11:29
H3,3C,11/28/19,10.1,7.59,5.96,65.8,34.26,11:30
H4,4A,11/28/19,9.7,7.52,5.05,55.5,34.26,11:31
H4,4B,11/28/19,9.7,7.52,4.88,54.2,34.26,11:32
H4,4C,11/28/19,9.8,7.52,5.26,57.8,34.26,11:33
H5,5A,11/28/19,9.4,7.47,4.8,52.1,34.26,11:34
H5,5B,11/28/19,9.4,7.47,4.74,51.6,34.26,11:34
H5,5C,11/28/19,9.5,7.46,4.54,49.5,34.26,11:35
H6,6A,11/28/19,9.2,7.44,4.58,49.6,34.25,11:36
H6,6B,11/28/19,9.3,7.43,4.37,47.5,34.25,11:37
H6,6C,11/28/19,9.3,7.43,4.5,48.9,34.25,11:38
H1,1A,11/29/19,11.2,7.73,8.42,95.3,34.25,10:35
H1,1B,11/29/19,11.2,7.75,8.72,98.7,34.26,10:36
H1,1C,11/29/19,11.3,7.76,8.79,99.7,34.25,10:36
H2,2A,11/29/19,10.7,7.68,7.64,85.2,34.26,10:37
H2,2B,11/29/19,10.7,7.68,7.59,85.1,34.25,10:38
H2,2C,11/29/19,10.8,7.68,7.6,85.2,34.25,10:39
H3,3A,11/29/19,10,7.57,6.3,69.6,34.25,10:39
H3,3B,11/29/19,10.1,7.56,5.97,65.9,34.25,10:40
H3,3C,11/29/19,10.1,7.56,5.99,66.3,34.24,10:41
H4,4A,11/29/19,9.6,7.49,5.2,56.8,34.24,10:42
H4,4B,11/29/19,9.7,7.48,5.13,56.2,34.24,10:43
H4,4C,11/29/19,9.7,7.49,5.24,57.3,34.24,10:43
H5,5A,11/29/19,9.3,7.45,4.7,51.1,34.24,10:44
H5,5B,11/29/19,9.4,7.44,4.71,51.3,34.24,10:45
H5,5C,11/29/19,9.5,7.44,4.6,50.2,34.24,10:46
H6,6A,11/29/19,9.2,7.42,4.49,48.7,34.24,10:47
H6,6B,11/29/19,9.4,7.4,4.44,48.3,34.24,10:47
H6,6C,11/29/19,9.3,7.41,4.51,49,34.24,10:48
H1,1A,11/30/19,11.4,7.73,8.68,98.6,34.27,12:01
H1,1B,11/30/19,11.3,7.76,9.1,103.2,34.26,12:02
H1,1C,11/30/19,11.4,7.76,8.95,101.7,34.25,12:03
H2,2A,11/30/19,10.8,7.67,7.72,86.6,34.25,12:04
H2,2B,11/30/19,10.8,7.67,7.69,86.2,34.25,12:04
H2,2C,11/30/19,10.8,7.68,7.78,87.2,34.25,12:05
H3,3A,11/30/19,10,7.57,6.4,70.6,34.26,12:06
H3,3B,11/30/19,10,7.57,6.06,66.9,34.25,12:07
H3,3C,11/30/19,10.1,7.57,6.14,67.8,34.25,12:08
H4,4A,11/30/19,9.6,7.49,5.52,59.8,34.25,12:09
H4,4B,11/30/19,9.6,7.49,5.37,58.8,34.24,12:09
H4,4C,11/30/19,9.7,7.49,5.38,59,34.24,12:10
H5,5A,11/30/19,9.3,7.45,4.85,52.7,34.24,12:11
H5,5B,11/30/19,9.4,7.45,4.8,52.3,34.24,12:12
H5,5C,11/30/19,9.5,7.44,4.74,51.6,34.24,12:12
H6,6A,11/30/19,9.3,7.42,4.8,52,34.24,12:13
H6,6B,11/30/19,9.5,7.41,4.64,50.8,34.25,12:14
H6,6C,11/30/19,9.5,7.41,4.74,51.6,34.24,12:14
H1,1A,12/1/19,11.4,7.69,7.53,85.5,34.07,12:12
H1,1B,12/1/19,11.3,7.74,8.21,93,34.01,12:09
H1,1C,12/1/19,11.4,7.75,8.17,93.2,34.02,12:10
H2,2A,12/1/19,10.9,7.67,7.18,80.7,34.01,12:11
H2,2B,12/1/19,10.8,7.69,7.17,80,34,12:13
H2,2C,12/1/19,10.9,7.69,7.18,80.3,34,12:13
H3,3A,12/1/19,10.1,7.59,6.03,66.6,33.99,12:15
H3,3B,12/1/19,10.1,7.58,5.87,64.7,33.99,12:16
H3,3C,12/1/19,10.1,7.58,5.8,64.2,33.98,12:16
H4,4A,12/1/19,9.7,7.5,5.05,55.2,34.01,12:17
H4,4B,12/1/19,9.7,7.5,5.01,54.8,34,12:18
H4,4C,12/1/19,9.8,7.5,4.94,54.1,33.99,12:19
H5,5A,12/1/19,9.4,7.46,4.62,50.2,34,12:20
H5,5B,12/1/19,9.5,7.46,4.55,49.5,33.99,12:21
H5,5C,12/1/19,9.5,7.45,4.42,48.1,33.99,12:22
H6,6A,12/1/19,9.6,7.44,4.93,53.9,34,12:23
H6,6B,12/1/19,9.8,7.42,4.67,51.2,34.02,12:24
H6,6C,12/1/19,9.8,7.43,4.99,54.8,34.01,12:25
H1,1A,12/2/19,12,7.73,7.02,80.2,33.61,10:31
H1,1B,12/2/19,11.9,7.76,8.09,92.4,33.35,10:32
H1,1C,12/2/19,11.9,7.76,8.31,94.1,33.41,10:33
H2,2A,12/2/19,11.6,7.68,7.23,82.1,33.41,10:34
H2,2B,12/2/19,11.6,7.67,6.99,79.6,33.38,10:35
H2,2C,12/2/19,11.6,7.69,7.2,81.8,33.3,10:36
H3,3A,12/2/19,11.2,7.6,5.76,64.8,33.29,10:49
H3,3B,12/2/19,11.2,7.59,5.7,64.1,33.3,10:50
H3,3C,12/2/19,11.2,7.6,5.74,64.8,33.27,10:51
H4,4A,12/2/19,11.1,7.53,5.07,56.9,33.36,10:52
H4,4B,12/2/19,11,7.53,5.08,56.9,33.33,10:53
H4,4C,12/2/19,11.1,7.53,5.05,56.7,33.34,10:53
H5,5A,12/2/19,10.9,7.48,4.63,51.7,33.33,10:54
H5,5B,12/2/19,10.9,7.48,4.54,50.6,33.35,10:55
H5,5C,12/2/19,10.9,7.47,4.34,48.6,33.36,10:56
H6,6A,12/2/19,10.9,7.44,4.39,49,33.37,10:57
H6,6B,12/2/19,11,7.42,4.32,48.3,33.46,10:58
H6,6C,12/2/19,10.9,7.43,4.34,48.6,33.42,10:59
H1,1A,12/3/19,11.8,7.74,7.36,84.1,33.65,12:43
H1,1B,12/3/19,11.8,7.78,8.01,91.4,33.7,12:44
H1,1C,12/3/19,11.9,7.78,8.04,92,33.69,12:45
H2,2A,12/3/19,11.2,7.71,7.62,85.9,33.69,12:46
H2,2B,12/3/19,11.1,7.7,7.39,83.3,33.69,12:46
H2,2C,12/3/19,11.2,7.71,7.55,85.2,33.69,12:47
H3,3A,12/3/19,10.3,7.6,6.04,66.7,33.69,12:48
H3,3B,12/3/19,10.3,7.59,6,66.4,33.69,12:49
H3,3C,12/3/19,10.4,7.6,5.94,65.9,33.68,12:50
H4,4A,12/3/19,9.9,7.52,5.33,58.5,33.67,12:51
H4,4B,12/3/19,10,7.53,5.33,58.3,33.68,12:52
H4,4C,12/3/19,10.1,7.53,5.26,57.7,33.68,12:53
H5,5A,12/3/19,9.6,7.48,4.71,51.2,33.68,12:54
H5,5B,12/3/19,9.7,7.48,4.73,51.6,33.68,12:54
H5,5C,12/3/19,9.8,7.48,4.51,49,33.68,12:55
H6,6A,12/3/19,9.5,7.45,4.33,47,33.68,12:56
H6,6B,12/3/19,9.7,7.44,4.45,48.5,33.68,12:57
H6,6C,12/3/19,9.6,7.44,4.54,49.3,33.68,12:58
H1,1A,12/4/19,12.1,7.61,7.23,82.6,33.69,10:48
H1,1B,12/4/19,12,7.72,8.84,101.4,33.65,10:49
H1,1C,12/4/19,12.1,7.73,8.72,100.2,33.65,10:50
H2,2A,12/4/19,11.5,7.65,7.5,85,33.66,10:50
H2,2B,12/4/19,11.4,7.64,7.43,84.1,33.65,10:51
H2,2C,12/4/19,11.5,7.66,7.71,87.4,33.65,10:52
H3,3A,12/4/19,10.5,7.57,6.25,69.4,33.64,10:53
H3,3B,12/4/19,10.5,7.53,5.59,62.1,33.64,10:54
H3,3C,12/4/19,10.6,7.56,6,66.7,33.64,10:55
H4,4A,12/4/19,10.1,7.48,5.05,55.3,33.64,10:56
H4,4B,12/4/19,10.1,7.48,5.04,55.2,33.63,10:56
H4,4C,12/4/19,10.2,7.49,5.13,56.5,33.63,10:57
H5,5A,12/4/19,9.7,7.45,4.63,50.4,33.63,10:58
H5,5B,12/4/19,9.8,7.44,4.04,44.1,33.63,10:59
H5,5C,12/4/19,9.8,7.44,4.26,46.6,33.63,11:00
H6,6A,12/4/19,9.7,7.43,4.41,48.2,33.63,11:00
H6,6B,12/4/19,10,7.41,4.56,50.1,33.63,11:01
H6,6C,12/4/19,9.9,7.41,4.3,47.2,33.63,11:02
H1,1A,12/5/19,12.2,7.68,8.05,92.6,33.59,12:21
H1,1B,12/5/19,12.1,7.77,9.1,104.3,33.5,12:22
H1,1C,12/5/19,12.2,7.74,8.53,98,33.52,12:23
H2,2A,12/5/19,11.5,7.67,7.66,86.8,33.52,12:24
H2,2B,12/5/19,11.5,7.68,7.65,86.6,33.5,12:25
H2,2C,12/5/19,11.5,7.7,7.92,89.6,33.5,12:26
H3,3A,12/5/19,10.6,7.6,6.54,72.7,33.5,12:26
H3,3B,12/5/19,10.6,7.59,6.24,69.4,33.5,12:27
H3,3C,12/5/19,10.7,7.59,6.22,69.4,33.49,12:27
H4,4A,12/5/19,10.1,7.51,5.4,59.3,33.5,12:28
H4,4B,12/5/19,10.2,7.51,5.27,58.1,33.49,12:28
H4,4C,12/5/19,10.2,7.51,5.23,57.7,33.5,12:29
H5,5A,12/5/19,9.7,7.48,4.85,52.9,33.49,12:30
H5,5B,12/5/19,9.8,7.47,4.61,50.4,33.49,12:31
H5,5C,12/5/19,9.8,7.46,4.6,50.3,33.49,12:32
H6,6A,12/5/19,9.6,7.44,4.31,46.9,33.49,12:33
H6,6B,12/5/19,9.8,7.43,4.34,47.5,33.49,12:33
H6,6C,12/5/19,9.7,7.44,4.52,49,33.49,12:34
H1,1A,12/6/19,12.3,7.69,8.18,94.3,33.58,11:00
H1,1B,12/6/19,12.4,7.77,8.98,103.8,33.6,11:01
H1,1C,12/6/19,12.5,7.76,8.63,99.9,33.6,11:02
H2,2A,12/6/19,11.6,7.67,7.09,81.9,33.6,11:03
H2,2B,12/6/19,11.6,7.67,7.2,82.9,33.6,11:04
H2,2C,12/6/19,11.7,7.68,7.49,85.2,33.6,11:05
H3,3A,12/6/19,10.6,7.58,6.25,69.5,33.6,11:06
H3,3B,12/6/19,10.7,7.56,5.77,64.2,33.59,11:07
H3,3C,12/6/19,10.7,7.58,6.04,67.3,33.59,11:08
H4,4A,12/6/19,10.1,7.48,5.04,55.4,33.57,11:09
H4,4B,12/6/19,10.1,7.49,5,55,33.58,11:10
H4,4C,12/6/19,10.2,7.5,5.08,56,33.59,11:11
H5,5A,12/6/19,9.6,7.46,4.74,51.5,33.59,11:12
H5,5B,12/6/19,9.7,7.46,4.49,48.9,33.59,11:12
H5,5C,12/6/19,9.8,7.46,4.24,46.3,33.59,11:13
H6,6A,12/6/19,9.6,7.43,4.51,49.1,33.59,11:14
H6,6B,12/6/19,10,7.42,4.54,49.4,33.59,11:15
H6,6C,12/6/19,9.6,7.43,4.28,46.6,33.59,11:15
H1,1A,12/7/19,12.2,7.73,8.29,95.5,33.68,11:56
H1,1B,12/7/19,12.3,7.74,8.09,93.3,33.69,11:57
H1,1C,12/7/19,12.4,7.75,8.32,96.1,33.69,11:57
H2,2A,12/7/19,11.7,7.68,7.34,83.6,33.69,11:58
H2,2B,12/7/19,11.6,7.67,7.32,83.2,33.68,11:59
H2,2C,12/7/19,11.7,7.69,7.39,84.2,33.69,12:00
H3,3A,12/7/19,10.8,7.6,6.31,70.2,33.69,12:01
H3,3B,12/7/19,10.7,7.58,6.11,68.2,33.69,12:02
H3,3C,12/7/19,10.8,7.58,6.03,67.5,33.69,12:02
H4,4A,12/7/19,10.3,7.51,5.44,59.4,33.68,12:03
H4,4B,12/7/19,10.3,7.51,5.55,61.3,33.68,12:04
H4,4C,12/7/19,10.4,7.51,5.39,59.5,33.68,12:05
H5,5A,12/7/19,9.8,7.46,4.87,53.3,33.68,12:05
H5,5B,12/7/19,9.9,7.46,4.81,52.7,33.68,12:06
H5,5C,12/7/19,10,7.46,4.73,52,33.68,12:07
H6,6A,12/7/19,9.8,7.44,4.75,52,33.68,12:08
H6,6B,12/7/19,10,7.44,4.59,50.5,33.68,12:09
H6,6C,12/7/19,10,7.45,4.81,52.8,33.68,12:10
H1,1A,12/8/19,12.3,7.72,8.11,92.9,33.66,13:11
H1,1B,12/8/19,12.3,7.75,8.3,95.4,33.67,13:12
H1,1C,12/8/19,12.4,7.76,8.25,95.3,33.67,13:12
H2,2A,12/8/19,11.7,7.67,6.94,79.1,33.67,13:14
H2,2B,12/8/19,11.7,7.68,6.96,79.2,33.67,13:15
H2,2C,12/8/19,11.8,7.69,7.12,80.7,33.66,13:16
H3,3A,12/8/19,10.8,7.58,5.68,63.2,33.66,13:17
H3,3B,12/8/19,10.7,7.58,5.65,62.6,33.67,13:17
H3,3C,12/8/19,10.8,7.58,5.6,62.4,33.65,13:18
H4,4A,12/8/19,10.2,7.51,4.92,54.1,33.66,13:19
H4,4B,12/8/19,10.3,7.52,4.87,54,33.66,13:20
H4,4C,12/8/19,10.3,7.52,4.95,54.9,33.65,13:21
H5,5A,12/8/19,9.8,7.48,4.42,48.2,33.65,13:22
H5,5B,12/8/19,9.9,7.46,4.31,47.1,33.65,13:23
H5,5C,12/8/19,9.9,7.47,4.32,47.3,33.66,13:24
H6,6A,12/8/19,9.8,7.46,4.45,48.6,33.65,13:26
H6,6B,12/8/19,10,7.44,4.4,47.9,33.66,13:26
H6,6C,12/8/19,9.9,7.45,4.49,49.1,33.66,13:24
H1,1A,12/9/19,12.3,7.7,8.96,103.4,33.79,12:35
H1,1B,12/9/19,12.3,7.75,8.9,102.7,33.79,12:36
H1,1C,12/9/19,12.4,7.77,8.79,101.6,33.79,12:36
H2,2A,12/9/19,11.6,7.7,7.63,87.4,33.79,12:37
H2,2B,12/9/19,11.6,7.7,7.59,86.5,33.79,12:38
H2,2C,12/9/19,11.7,7.71,7.43,84.7,33.79,12:39
H3,3A,12/9/19,10.7,7.6,6.03,67.3,33.79,12:40
H3,3B,12/9/19,10.8,7.6,6.08,68,33.78,12:41
H3,3C,12/9/19,10.8,7.6,6.04,67.9,33.78,12:42
H4,4A,12/9/19,10.2,7.53,5.3,58.6,33.78,12:43
H4,4B,12/9/19,10.2,7.52,5.26,58.1,33.78,12:44
H4,4C,12/9/19,10.2,7.53,5.22,57.7,33.78,12:45
H5,5A,12/9/19,9.7,7.49,4.57,49.6,33.78,12:47
H5,5B,12/9/19,9.8,7.48,4.63,50.7,33.78,12:48
H5,5C,12/9/19,9.8,7.49,4.53,49.6,33.78,12:49
H6,6A,12/9/19,9.6,7.47,4.55,49.7,33.78,12:51
H6,6B,12/9/19,9.9,7.47,4.53,49.7,33.78,12:52
H6,6C,12/9/19,9.7,7.47,4.61,50.3,33.78,12:53
H1,1A,12/10/19,12.3,7.72,7.82,-90.5,33.99,13:25
H1,1B,12/10/19,12.3,7.76,8.17,-94.4,33.97,13:26
H1,1C,12/10/19,12.5,7.76,7.96,-92.3,33.97,13:27
H2,2A,12/10/19,11.7,7.68,6.98,-79.8,33.97,13:28
H2,2B,12/10/19,11.6,7.69,7.01,-80.2,33.96,13:29
H2,2C,12/10/19,11.7,7.69,7.03,-80.4,33.97,13:30
H3,3A,12/10/19,10.8,7.59,5.72,-64,33.96,13:31
H3,3B,12/10/19,10.8,7.59,5.66,-63.4,33.96,13:31
H3,3C,12/10/19,10.8,7.59,5.72,-64,33.96,13:32
H4,4A,12/10/19,10.2,7.53,5.1,-56.4,33.96,13:33
H4,4B,12/10/19,10.3,7.52,5.05,-55.9,33.96,13:33
H4,4C,12/10/19,10.4,7.52,5.05,-56,33.96,13:34
H5,5A,12/10/19,9.8,7.47,4.34,-47.5,33.96,13:35
H5,5B,12/10/19,9.9,7.46,4.19,-46,33.96,13:36
H5,5C,12/10/19,9.9,7.46,4.26,-47,33.96,13:37
H6,6A,12/10/19,9.8,7.45,4.47,-49.1,33.96,13:38
H6,6B,12/10/19,10,7.46,4.52,-49.9,33.96,13:39
H6,6C,12/10/19,10,7.46,4.71,-51.8,33.95,13:39
H1,1A,12/11/19,12.1,7.77,8.01,92.4,34.02,14:29
H1,1B,12/11/19,12.1,7.78,8.01,92.3,34.04,14:30
H1,1C,12/11/19,12.2,7.78,8,92.1,34.04,14:31
H2,2A,12/11/19,11.5,7.7,6.9,78.5,34.03,14:32
H2,2B,12/11/19,11.5,7.69,6.71,76.1,34.04,14:33
H2,2C,12/11/19,11.6,7.71,6.85,77.9,34.03,14:33
H3,3A,12/11/19,10.7,7.6,5.76,64.3,34.03,14:35
H3,3B,12/11/19,10.6,7.6,5.65,63,34.03,14:35
H3,3C,12/11/19,10.7,7.6,5.64,62.9,34.03,14:36
H4,4A,12/11/19,10.2,7.53,5.14,56.8,34.04,14:37
H4,4B,12/11/19,10.2,7.53,4.94,54.7,34.02,14:38
H4,4C,12/11/19,10.3,7.52,4.84,53.7,34.03,14:39
H5,5A,12/11/19,9.8,7.47,4.42,48.4,34.02,14:40
H5,5B,12/11/19,9.9,7.47,4.42,48.5,34.01,14:41
H5,5C,12/11/19,9.9,7.48,4.37,48,34.02,14:42
H6,6A,12/11/19,9.8,7.46,4.38,48.3,34.02,14:43
H6,6B,12/11/19,10.1,7.46,4.51,49.7,34.01,14:44
H6,6C,12/11/19,9.9,7.46,4.51,49.5,34.02,14:44
H1,1A,12/12/19,12.9,7.77,8.6,100,33.98,12:06
H1,1B,12/12/19,12.8,7.78,8.11,96.6,33.98,12:08
H1,1C,12/12/19,12.9,7.78,8.14,95.2,33.97,12:10
H2,2A,12/12/19,12.2,7.72,6.81,78.9,33.97,12:12
H2,2B,12/12/19,12.3,7.72,6.52,75.2,33.97,12:13
H2,2C,12/12/19,12.3,7.72,6.63,77.6,33.96,12:14
H3,3A,12/12/19,11.6,7.63,5.94,68.3,33.97,12:16
H3,3B,12/12/19,11.7,7.64,5.96,67.6,33.97,12:17
H3,3C,12/12/19,11.5,7.63,5.84,66.4,33.97,12:18
H4,4A,12/12/19,11,7.54,5.11,57.5,33.97,12:20
H4,4B,12/12/19,11.1,7.54,5.14,57.9,33.97,12:22
H4,4C,12/12/19,11.1,7.54,4.92,55.5,33.97,12:23
H5,5A,12/12/19,10.9,7.5,4.43,50,33.97,12:25
H5,5B,12/12/19,10.9,7.5,4.59,51.3,33.98,12:27
H5,5C,12/12/19,10.9,7.5,4.61,51.7,33.97,12:28
H6,6A,12/12/19,10.3,7.44,4.03,44.8,33.97,12:30
H6,6B,12/12/19,10.7,7.44,3.97,44.4,33.98,12:31
H6,6C,12/12/19,10.5,7.44,3.94,43.8,33.95,12:33
H1,1A,12/13/19,13.4,7.75,8.46,100.1,33.95,12:11
H1,1B,12/13/19,13.6,7.77,8.44,100.7,33.98,12:12
H1,1C,12/13/19,13.7,7.78,8.33,99.1,34.04,12:13
H2,2A,12/13/19,13.1,7.71,7.3,85.5,33.97,12:14
H2,2B,12/13/19,12.9,7.7,7.19,84.2,33.95,12:14
H2,2C,12/13/19,13.1,7.7,7.26,85.2,33.97,12:15
H3,3A,12/13/19,12.2,7.6,5.85,67.3,33.98,12:16
H3,3B,12/13/19,12.1,7.6,5.83,67.2,33.98,12:17
H3,3C,12/13/19,12.2,7.6,5.87,67.4,33.97,12:17
H4,4A,12/13/19,11.9,7.53,5.25,60.1,33.97,12:19
H4,4B,12/13/19,11.9,7.53,5.27,60.4,33.97,12:20
H4,4C,12/13/19,11.8,7.53,5.1,58.2,33.97,12:20
H5,5A,12/13/19,11.3,7.47,4.43,50.1,33.97,12:21
H5,5B,12/13/19,11.3,7.48,4.47,50.3,33.98,12:22
H5,5C,12/13/19,11.3,7.48,4.45,49.9,33.97,12:23
H6,6A,12/13/19,11,7.44,4.3,48.2,33.97,12:24
H6,6B,12/13/19,11.2,7.45,4.43,49.9,33.97,12:25
H6,6C,12/13/19,11.2,7.46,4.36,49.2,33.97,12:26
H1,1A,12/14/19,13.1,7.77,8.23,96.9,34.07,12:56
H1,1B,12/14/19,13.2,7.78,8.26,97.2,34.07,12:57
H1,1C,12/14/19,13.3,7.78,8.21,96.9,34.07,12:58
H2,2A,12/14/19,12.7,7.71,7.37,86.1,34.07,12:58
H2,2B,12/14/19,12.7,7.71,7.24,84.5,34.08,12:59
H2,2C,12/14/19,12.8,7.71,7.25,84.7,34.07,13:00
H3,3A,12/14/19,11.9,7.6,6,68.8,34.08,13:01
H3,3B,12/14/19,11.9,7.6,5.81,66.7,34.07,13:02
H3,3C,12/14/19,11.9,7.6,5.81,66.6,34.07,13:02
H4,4A,12/14/19,11.5,7.54,5.33,60.6,34.07,13:03
H4,4B,12/14/19,11.5,7.53,5.14,58.5,34.07,13:04
H4,4C,12/14/19,11.6,7.53,5.14,58.6,34.07,13:05
H5,5A,12/14/19,11,7.47,4.5,50.6,34.07,13:06
H5,5B,12/14/19,11.1,7.47,4.45,50,34.07,13:06
H5,5C,12/14/19,11.1,7.47,4.41,49.8,34.07,13:07
H6,6A,12/14/19,11,7.45,4.39,49.4,34.07,13:08
H6,6B,12/14/19,11.1,7.46,4.42,49.8,34.07,13:09
H6,6C,12/14/19,11.1,7.46,4.53,51,34.07,13:09
H1,1A,12/15/19,12.1,7.75,8.41,97.1,34.14,11:37
H1,1B,12/15/19,12.2,7.78,8.57,98.9,34.15,11:38
H1,1C,12/15/19,12.2,7.78,8.46,97.8,34.15,11:39
H2,2A,12/15/19,11.6,7.7,7.38,84.2,34.15,11:40
H2,2B,12/15/19,11.6,7.71,7.38,84.2,34.15,11:41
H2,2C,12/15/19,11.7,7.72,7.45,85.1,34.14,11:42
H3,3A,12/15/19,10.8,7.6,6.22,69.7,34.15,11:43
H3,3B,12/15/19,10.8,7.6,6.12,68.6,34.14,11:44
H3,3C,12/15/19,10.8,7.61,6.1,65.8,34.15,11:45
H4,4A,12/15/19,10.4,7.54,5.5,61.2,34.14,11:46
H4,4B,12/15/19,10.4,7.53,5.36,59.5,34.14,11:48
H4,4C,12/15/19,10.5,7.54,5.44,60.6,34.14,11:49
H5,5A,12/15/19,9.9,7.48,4.83,53,34.14,11:50
H5,5B,12/15/19,10.1,7.49,4.77,52.6,34.13,11:51
H5,5C,12/15/19,10.1,7.49,4.75,52.4,34.13,11:52
H6,6A,12/15/19,9,7.45,4.63,50.8,34.13,11:53
H6,6B,12/15/19,9.9,7.45,4.59,50.4,34.14,11:54
H6,6C,12/15/19,9.9,7.46,4.86,53.4,34.13,11:54
